Transaction ID,Customer Name,Customer Age
1,Lalita Ahuja,38
2,Sneha Sharma,37
3,Radha Srivastava,40
4,Bhavana Arora,21
5,Sneha Mehta,38
6,Reena Mehta,38
7,Pankaj Alva,18
8,Mala Rawat,32
9,Pankaj Varma,34
10,Yogesh Sharma,31
11,Radha Sharma,36
12,Namita Roy,51
13,Ramesh Joshi,23
14,Arun Iyer,23
15,Manoj Siddiqui,22
16,Anjali Gupta,24
17,Ramesh Rao,50
18,Anand Pillai,30
19,Kiran Rawat,18
20,Harish Kaur,30
21,Manoj Luthra,44
22,Jyoti Roy,24
23,Rajesh Sheth,20
24,Mala Ghosh,42
25,Reena Teja,50
26,Bhavana Dutta,57
27,Yogesh Ahuja,34
28,Isha Desai,31
29,Tapan Shah,54
30,Vinod Pathak,40
31,Bhavana Siddiqui,41
32,Meena Mathur,46
33,Sumit Pillai,55
34,Vinod Dutta,44
35,Shruti Bhatnagar,55
36,Pankaj Shah,57
37,Deepika Verma,40
38,Sanjay Joshi,48
39,Umesh Goyal,53
40,Rajesh Verma,34
41,Pooja Rao,54
42,Jyoti Mishra,20
43,Sachin Desai,53
44,Manoj Jain,22
45,Deepika Shah,32
46,Priyanka Pillai,23
47,Pooja Arora,27
48,Tanuja Prasad,49
49,Monika Thakur,40
50,Anand Nair,34
51,Vinod Kaur,37
52,Yogesh Roy,58
53,Krishna Mehta,32
54,Mala Malhotra,39
55,Sunita Thakur,23
56,Kavita Sheth,21
57,Anjali Roy,40
58,Shruti Dutta,36
59,Devendra Jain,48
60,Jyoti Bhattacharya,20
61,Kavita Srivastava,45
62,Radha Mathur,20
63,Lata Shah,31
64,Sumit Ghosh,35
65,Tanuja Dutta,44
66,Ramesh Kumar,27
67,Sunil Luthra,32
68,Kavita Solanki,36
69,Meena Thakur,26
70,Pooja Reddy,21
71,Ayesha Ghosh,32
72,Yogesh Ahuja,25
73,Nikhil Bhattacharya,18
74,Sunil Das,24
75,Shruti Iyer,48
76,Sunita Arora,35
77,Deepika Deshmukh,29
78,Kiran Malhotra,47
79,Bina Mishra,50
80,Monika Srivastava,24
81,Prashant Dutta,45
82,Vinod Pathak,20
83,Sunil Luthra,23
84,Sunil Kapoor,48
85,Namita Roy,55
86,Sneha Mishra,32
87,Sanjay Bhattacharya,24
88,Sneha Rao,47
89,Namita Bhatnagar,44
90,Pooja Roy,34
91,Devendra Jain,35
92,Neeta Sharma,39
93,Sumit Sheth,43
94,Bina Deshmukh,44
95,Ravi Arora,57
96,Anjali Pathak,41
97,Rajesh Menon,25
98,Reena Chatterjee,38
99,Nikhil Pathak,46
100,Krishna Bhattacharya,38
101,Ayesha Thakur,20
102,Bina Nair,48
103,Krishna Malhotra,44
104,Mala Das,44
105,Anita Bhattacharya,26
106,Nikhil Solanki,50
107,Shruti Bhatnagar,50
108,Kiran Goyal,43
109,Kiran Prasad,45
110,Sunil Jain,48
111,Manoj Rathod,18
112,Tapan Gupta,37
113,Anjali Pathak,29
114,Isha Desai,34
115,Vinod Goyal,32
116,Krishna Rathod,51
117,Jyoti Alva,33
118,Pankaj Mehta,21
119,Anjali Srivastava,25
120,Anita Pathak,51
121,Arun Verma,42
122,Yogesh Luthra,32
123,Sachin Joshi,45
124,Sumit Arora,26
125,Sunil Rawat,19
126,Pankaj Desai,34
127,Kiran Solanki,27
128,Prashant Luthra,26
129,Meena Mathur,48
130,Kavita Patel,19
131,Sanjay Pathak,41
132,Ravi Ghosh,36
133,Vinod Joshi,34
134,Tanuja Goyal,27
135,Pankaj Desai,45
136,Isha Desai,55
137,Krishna Jain,45
138,Tanuja Mathur,18
139,Anand Kapoor,20
140,Neeta Kulkarni,32
141,Sachin Varma,27
142,Sumit Verma,38
143,Kavita Jain,54
144,Reena Bhatnagar,32
145,Anjali Ahuja,40
146,Prashant Teja,31
147,Rajesh Kaur,32
148,Anita Prasad,27
149,Mala Teja,26
150,Tanuja Goyal,56
151,Reena Rao,22
152,Tanuja Shah,42
153,Radha Jain,59
154,Monika Ahuja,43
155,Kavita Goyal,25
156,Priya Roy,39
157,Pooja Dutta,42
158,Namita Das,29
159,Nikhil Bhatnagar,26
160,Sanjay Sheth,27
161,Radha Rao,27
162,Lata Iyer,26
163,Ravi Arora,43
164,Namita Desai,52
165,Pooja Joshi,44
166,Reena Deshmukh,48
167,Pooja Thakur,36
168,Bhavana Kapoor,55
169,Namita Desai,23
170,Amit Dutta,32
171,Sanjay Bhattacharya,46
172,Shruti Chaudhary,22
173,Sumit Reddy,31
174,Bina Goyal,19
175,Anita Prasad,40
176,Reena Dutta,36
177,Vivek Srivastava,41
178,Kavita Desai,37
179,Anjali Thakur,44
180,Vijay Sheth,41
181,Vivek Nair,34
182,Sneha Jain,42
183,Nikhil Pathak,48
184,Manoj Mehta,45
185,Lalita Patel,45
186,Nikhil Jain,39
187,Lata Chaudhary,22
188,Neeta Menon,59
189,Sachin Yadav,25
190,Sachin Goyal,55
191,Shruti Chaudhary,45
192,Sneha Prasad,29
193,Sunil Varma,42
194,Krishna Roy,55
195,Vinod Kumar,32
196,Sanjay Das,58
197,Neeta Menon,51
198,Anand Bhattacharya,30
199,Tanuja Ahuja,25
200,Navin Verma,30
201,Bhavana Varma,53
202,Neeta Ghosh,23
203,Umesh Dutta,55
204,Lalita Dutta,49
205,Kiran Mathur,38
206,Sumit Malhotra,24
207,Sneha Jain,43
208,Sanjay Pathak,32
209,Bhavana Yadav,59
210,Sanjay Sheth,40
211,Navin Sharma,55
212,Priya Teja,58
213,Sunita Teja,32
214,Priya Varma,57
215,Ravi Sharma,33
216,Lalita Shah,49
217,Radha Jain,54
218,Lalita Ahuja,35
219,Aditya Deshmukh,37
220,Sumit Verma,19
221,Kiran Rathod,40
222,Krishna Menon,47
223,Pankaj Mehta,20
224,Sanjay Joshi,56
225,Pankaj Shah,18
226,Monika Deshmukh,58
227,Bhavana Jain,39
228,Ramesh Nambiar,46
229,Sunil Gupta,31
230,Nikhil Rathod,45
231,Vijay Shah,38
232,Bhavana Jain,49
233,Vivek Yadav,23
234,Manoj Siddiqui,18
235,Isha Menon,38
236,Mala Das,21
237,Kunal Malhotra,20
238,Sunita Thakur,47
239,Yogesh Dutta,48
240,Isha Thakur,51
241,Krishna Rathod,36
242,Krishna Rawat,37
243,Manoj Thakur,40
244,Reena Rao,57
245,Anjali Nambiar,42
246,Pooja Arora,32
247,Jyoti Varma,55
248,Tapan Chatterjee,40
249,Pooja Arora,19
250,Bhavana Prasad,32
251,Manoj Dutta,52
252,Rajesh Shah,27
253,Bina Singh,31
254,Priya Teja,44
255,Neeta Ahuja,31
256,Pankaj Gupta,52
257,Bina Mishra,50
258,Yogesh Shah,18
259,Vijay Varma,51
260,Anita Srivastava,36
261,Kavita Teja,41
262,Manoj Iyer,59
263,Deepika Sharma,21
264,Rohan Gupta,53
265,Bhavana Siddiqui,30
266,Ravi Arora,49
267,Sunil Kapoor,26
268,Amit Ghosh,56
269,Pooja Arora,33
270,Manoj Jain,20
271,Ramesh Nambiar,37
272,Kiran Ghosh,27
273,Pooja Arora,39
274,Arun Sheth,20
275,Pooja Joshi,28
276,Aditya Menon,42
277,Pooja Solanki,59
278,Anita Bhattacharya,25
279,Monika Nambiar,26
280,Kiran Jain,32
281,Umesh Rawat,49
282,Tapan Singh,20
283,Isha Ghosh,21
284,Jyoti Iyer,47
285,Monika Sharma,30
286,Nikhil Bhatnagar,38
287,Devendra Pathak,58
288,Manoj Pathak,36
289,Anita Varma,56
290,Shruti Sharma,39
291,Pooja Reddy,37
292,Tapan Ahuja,54
293,Sumit Alva,48
294,Lata Rawat,27
295,Sneha Jain,35
296,Gita Sheth,56
297,Priya Bhattacharya,37
298,Kavita Dutta,35
299,Meena Joshi,28
300,Vivek Siddiqui,39
301,Deepika Desai,35
302,Anita Deshmukh,51
303,Anita Bhattacharya,40
304,Rajesh Kapoor,18
305,Aditya Arora,27
306,Sunil Luthra,18
307,Isha Dutta,55
308,Bhavana Mishra,56
309,Vinod Kaur,26
310,Anita Sharma,48
311,Radha Ghosh,24
312,Tanuja Rao,34
313,Namita Reddy,52
314,Rohan Prasad,54
315,Priyanka Jain,35
316,Anita Rawat,50
317,Vivek Teja,21
318,Anand Mehta,40
319,Jyoti Mishra,28
320,Krishna Jain,26
321,Sneha Reddy,47
322,Bhavana Srivastava,25
323,Ramesh Jain,57
324,Yogesh Sharma,22
325,Anjali Patel,29
326,Prashant Teja,18
327,Pooja Goyal,32
328,Neeta Malhotra,42
329,Krishna Menon,35
330,Reena Das,55
331,Ramesh Dutta,59
332,Harish Goyal,43
333,Bina Rawat,57
334,Sunil Mathur,20
335,Navin Solanki,39
336,Kavita Bhattacharya,43
337,Priyanka Alva,36
338,Anand Bhattacharya,56
339,Rohan Rathod,53
340,Devendra Arora,38
341,Reena Desai,58
342,Pankaj Singh,43
343,Pooja Joshi,30
344,Priyanka Mishra,53
345,Bhavana Rawat,41
346,Pooja Luthra,58
347,Manoj Ahuja,43
348,Lata Rawat,38
349,Priyanka Sharma,35
350,Navin Malhotra,32
351,Kavita Iyer,32
352,Anand Patel,23
353,Vijay Prasad,48
354,Umesh Ghosh,45
355,Manoj Rao,25
356,Vivek Jain,46
357,Aditya Patel,38
358,Harish Goyal,34
359,Sumit Siddiqui,41
360,Bhavana Desai,53
361,Ravi Sheth,48
362,Ravi Patel,51
363,Tapan Mishra,19
364,Mala Verma,59
365,Gita Roy,20
366,Vivek Rawat,47
367,Anita Menon,25
368,Tapan Deshmukh,24
369,Shruti Thakur,29
370,Reena Teja,36
371,Isha Dutta,43
372,Manoj Pathak,45
373,Tapan Bhattacharya,32
374,Anjali Srivastava,31
375,Anand Reddy,31
376,Bhavana Jain,20
377,Tapan Rawat,46
378,Namita Sheth,23
379,Arun Luthra,40
380,Mala Roy,45
381,Devendra Varma,31
382,Ravi Dutta,31
383,Ramesh Das,37
384,Priya Roy,30
385,Sumit Siddiqui,44
386,Bina Siddiqui,52
387,Kiran Rathod,19
388,Kunal Chaudhary,58
389,Vinod Malhotra,57
390,Sneha Arora,41
391,Devendra Pathak,46
392,Radha Alva,20
393,Krishna Nambiar,21
394,Vijay Jain,19
395,Reena Deshmukh,37
396,Yogesh Alva,32
397,Sanjay Mehta,49
398,Neeta Yadav,59
399,Gita Rathod,18
400,Vinod Chatterjee,55
401,Harish Mishra,52
402,Sneha Patel,24
403,Shruti Iyer,30
404,Vivek Mehta,18
405,Ravi Bhattacharya,31
406,Anand Siddiqui,46
407,Jyoti Kumar,20
408,Krishna Sharma,41
409,Aditya Roy,18
410,Anita Arora,27
411,Tanuja Rao,30
412,Kavita Bhattacharya,53
413,Harish Teja,26
414,Anjali Patel,31
415,Gita Teja,53
416,Anita Varma,27
417,Aditya Menon,57
418,Amit Srivastava,40
419,Ayesha Menon,52
420,Vivek Sheth,24
421,Tapan Mathur,59
422,Sneha Desai,52
423,Amit Prasad,19
424,Sumit Sharma,32
425,Anand Joshi,26
426,Namita Srivastava,34
427,Vivek Alva,56
428,Navin Mathur,35
429,Devendra Mathur,32
430,Isha Nair,35
431,Pankaj Jain,41
432,Sachin Desai,40
433,Kiran Malhotra,29
434,Kiran Alva,40
435,Arun Deshmukh,38
436,Harish Teja,43
437,Vijay Rawat,25
438,Arun Dutta,47
439,Harish Solanki,51
440,Sunita Roy,19
441,Vinod Nambiar,22
442,Meena Kulkarni,48
443,Arun Sheth,50
444,Bhavana Mehta,21
445,Bhavana Varma,23
446,Lata Shah,40
447,Vivek Teja,36
448,Prashant Rathod,25
449,Priyanka Menon,56
450,Anjali Sharma,30
451,Arun Kapoor,18
452,Arun Goyal,23
453,Arun Pillai,24
454,Vinod Goyal,44
455,Monika Deshmukh,32
456,Vijay Varma,51
457,Bhavana Mathur,40
458,Priya Singh,41
459,Tapan Deshmukh,32
460,Meena Patel,52
461,Namita Sheth,21
462,Anita Varma,54
463,Vinod Goyal,34
464,Kunal Shah,48
465,Mala Teja,55
466,Sumit Mishra,27
467,Kavita Gupta,44
468,Tapan Joshi,59
469,Nikhil Menon,23
470,Vinod Prasad,23
471,Tapan Bhattacharya,32
472,Jyoti Iyer,21
473,Shruti Chaudhary,57
474,Jyoti Pillai,24
475,Manoj Shah,43
476,Vijay Prasad,48
477,Reena Sharma,19
478,Sumit Rathod,45
479,Krishna Malhotra,59
480,Namita Patel,30
481,Devendra Rao,35
482,Ravi Malhotra,47
483,Ramesh Gupta,28
484,Shruti Pathak,30
485,Ramesh Solanki,41
486,Shruti Pathak,46
487,Ramesh Dutta,22
488,Umesh Ghosh,52
489,Gita Iyer,36
490,Reena Desai,30
491,Sanjay Das,22
492,Sanjay Patel,31
493,Anita Desai,55
494,Anand Chatterjee,39
495,Bina Solanki,26
496,Sunita Mehta,57
497,Pankaj Arora,43
498,Monika Srivastava,22
499,Rajesh Ghosh,46
500,Priya Sharma,39
501,Kavita Kaur,20
502,Vivek Deshmukh,45
503,Pooja Patel,55
504,Meena Joshi,31
505,Namita Gupta,31
506,Harish Malhotra,28
507,Pankaj Patel,26
508,Aditya Iyer,55
509,Ramesh Joshi,23
510,Sachin Rao,18
511,Pankaj Jain,42
512,Monika Singh,33
513,Deepika Kulkarni,32
514,Vinod Kumar,51
515,Neeta Kumar,34
516,Vinod Kulkarni,20
517,Vinod Nair,20
518,Vinod Solanki,54
519,Sachin Sheth,34
520,Prashant Srivastava,55
521,Neeta Nair,18
522,Lalita Kaur,24
523,Isha Menon,43
524,Neeta Pillai,56
525,Vivek Siddiqui,36
526,Anand Mishra,47
527,Namita Sheth,31
528,Rohan Menon,30
529,Vivek Patel,37
530,Bhavana Varma,43
531,Vinod Dutta,44
532,Rohan Menon,42
533,Deepika Sharma,26
534,Rajesh Yadav,58
535,Arun Ghosh,29
536,Anita Patel,27
537,Kunal Patel,23
538,Ravi Kulkarni,51
539,Neeta Mishra,58
540,Kiran Solanki,36
541,Radha Sharma,23
542,Nikhil Chaudhary,19
543,Harish Mishra,32
544,Sanjay Menon,34
545,Sunil Rao,33
546,Kiran Solanki,45
547,Deepika Das,38
548,Kiran Singh,25
549,Ramesh Kumar,27
550,Bhavana Mehta,27
551,Rohan Pathak,27
552,Yogesh Patel,26
553,Bhavana Bhatnagar,45
554,Meena Verma,41
555,Priyanka Chatterjee,36
556,Shruti Thakur,50
557,Vijay Malhotra,21
558,Jyoti Alva,20
559,Monika Chatterjee,59
560,Ayesha Sheth,29
561,Vivek Rawat,35
562,Sneha Mishra,40
563,Bhavana Bhatnagar,37
564,Pankaj Patel,23
565,Shruti Dutta,51
566,Mala Siddiqui,59
567,Nikhil Reddy,19
568,Mala Siddiqui,47
569,Kiran Malhotra,26
570,Pankaj Kapoor,44
571,Vivek Ghosh,59
572,Gita Teja,51
573,Mala Goyal,57
574,Priya Mehta,41
575,Kavita Dutta,34
576,Rohan Singh,46
577,Sneha Yadav,53
578,Yogesh Reddy,29
579,Sneha Mehta,48
580,Kavita Siddiqui,26
581,Rajesh Siddiqui,36
582,Nikhil Solanki,34
583,Jyoti Mehta,19
584,Bhavana Srivastava,57
585,Lata Kaur,22
586,Ramesh Dutta,56
587,Amit Sheth,33
588,Kavita Bhatnagar,34
589,Bina Goyal,44
590,Manoj Mehta,24
591,Neeta Arora,25
592,Priya Varma,25
593,Jyoti Sheth,40
594,Shruti Iyer,49
595,Amit Rathod,35
596,Vinod Joshi,55
597,Anjali Chatterjee,29
598,Devendra Mathur,32
599,Deepika Sharma,45
600,Mala Roy,55
601,Harish Teja,48
602,Lata Shah,26
603,Deepika Deshmukh,25
604,Shruti Iyer,36
605,Harish Kapoor,25
606,Rajesh Roy,51
607,Sachin Iyer,21
608,Rajesh Arora,48
609,Sneha Teja,55
610,Sachin Rawat,20
611,Lata Nambiar,52
612,Sachin Kaur,36
613,Rohan Prasad,46
614,Vinod Nambiar,27
615,Meena Prasad,29
616,Vinod Arora,47
617,Navin Joshi,47
618,Sneha Yadav,35
619,Neeta Deshmukh,41
620,Mala Kulkarni,49
621,Sanjay Jain,26
622,Rajesh Chatterjee,41
623,Namita Deshmukh,43
624,Ayesha Luthra,20
625,Krishna Rawat,40
626,Gita Dutta,28
627,Devendra Singh,27
628,Rajesh Ghosh,53
629,Vivek Bhatnagar,30
630,Krishna Chatterjee,46
631,Shruti Menon,55
632,Pooja Dutta,30
633,Isha Dutta,43
634,Rajesh Pathak,37
635,Kavita Jain,22
636,Umesh Teja,37
637,Anand Siddiqui,31
638,Kavita Goyal,31
639,Ramesh Mishra,25
640,Kiran Ghosh,30
641,Navin Malhotra,41
642,Lalita Thakur,32
643,Harish Kaur,18
644,Anjali Patel,39
645,Kavita Mehta,51
646,Anjali Sharma,57
647,Pooja Pillai,20
648,Priyanka Ghosh,43
649,Manoj Jain,31
650,Harish Mehta,58
651,Priyanka Pathak,25
652,Arun Dutta,33
653,Amit Ghosh,59
654,Anita Shah,38
655,Tanuja Mathur,27
656,Bhavana Sheth,42
657,Sachin Arora,55
658,Rajesh Chatterjee,39
659,Rajesh Prasad,21
660,Vijay Das,21
661,Sunita Verma,47
662,Sunita Sharma,19
663,Radha Rao,46
664,Amit Teja,53
665,Monika Dutta,38
666,Namita Kapoor,38
667,Sunita Ahuja,38
668,Reena Desai,21
669,Bhavana Mehta,18
670,Bina Teja,43
671,Ravi Kumar,19
672,Sunil Singh,26
673,Meena Pillai,35
674,Ayesha Siddiqui,59
675,Bina Singh,58
676,Lata Patel,28
677,Lalita Shah,42
678,Pooja Dutta,43
679,Priya Mehta,53
680,Yogesh Mishra,59
681,Mala Goyal,52
682,Vinod Chatterjee,55
683,Sunita Luthra,20
684,Anand Joshi,58
685,Lata Chaudhary,52
686,Harish Mehta,57
687,Neeta Menon,39
688,Pankaj Shah,25
689,Prashant Deshmukh,32
690,Sunita Verma,24
691,Gita Teja,36
692,Sachin Goyal,57
693,Bina Goyal,59
694,Sneha Arora,34
695,Ravi Reddy,18
696,Navin Pathak,46
697,Nikhil Jain,30
698,Amit Ghosh,46
699,Lalita Rathod,58
700,Isha Kaur,59
701,Vivek Mishra,23
702,Kavita Desai,22
703,Anjali Pathak,51
704,Monika Rathod,28
705,Anita Kulkarni,26
706,Namita Patel,55
707,Priyanka Goyal,57
708,Bina Siddiqui,58
709,Meena Verma,26
710,Aditya Rao,25
711,Rohan Goyal,57
712,Amit Chatterjee,20
713,Devendra Singh,30
714,Bhavana Malhotra,36
715,Lata Shah,51
716,Vijay Malhotra,49
717,Tapan Luthra,33
718,Vivek Alva,53
719,Manoj Luthra,35
720,Sachin Jain,31
721,Sumit Joshi,47
722,Bhavana Varma,19
723,Jyoti Alva,30
724,Amit Ghosh,44
725,Arun Sheth,34
726,Meena Malhotra,48
727,Pankaj Shah,32
728,Ravi Varma,37
729,Tanuja Reddy,22
730,Sunita Mehta,24
731,Lalita Patel,35
732,Anjali Thakur,28
733,Yogesh Malhotra,49
734,Deepika Malhotra,44
735,Sunil Varma,43
736,Jyoti Iyer,54
737,Sneha Patel,45
738,Yogesh Roy,19
739,Kavita Siddiqui,37
740,Pooja Arora,21
741,Arun Ghosh,30
742,Aditya Luthra,41
743,Navin Chaudhary,55
744,Kunal Deshmukh,57
745,Pankaj Srivastava,46
746,Krishna Pillai,53
747,Mala Mathur,19
748,Navin Kapoor,58
749,Neeta Ghosh,35
750,Manoj Kulkarni,25
751,Ravi Ghosh,32
752,Kiran Siddiqui,58
753,Mala Verma,34
754,Jyoti Ahuja,40
755,Umesh Kaur,19
756,Nikhil Varma,23
757,Namita Mehta,46
758,Isha Dutta,44
759,Vinod Arora,54
760,Meena Mathur,51
761,Sunil Kumar,35
762,Rohan Singh,59
763,Anand Kapoor,27
764,Mala Ghosh,55
765,Priya Kaur,34
766,Meena Joshi,30
767,Sachin Joshi,59
768,Arun Dutta,44
769,Sunita Nair,19
770,Rajesh Kaur,51
771,Anand Kaur,48
772,Kunal Yadav,40
773,Rohan Sheth,24
774,Vivek Bhattacharya,55
775,Ravi Gupta,50
776,Ravi Bhattacharya,29
777,Deepika Shah,29
778,Shruti Shah,36
779,Namita Mehta,26
780,Radha Pathak,27
781,Arun Chaudhary,34
782,Arun Goyal,57
783,Umesh Srivastava,56
784,Deepika Patel,58
785,Amit Prasad,27
786,Yogesh Sharma,29
787,Monika Deshmukh,32
788,Tanuja Dutta,48
789,Sunil Patel,32
790,Amit Sheth,45
791,Vivek Luthra,21
792,Radha Alva,53
793,Radha Alva,18
794,Tapan Rawat,51
795,Sumit Roy,34
796,Sachin Shah,56
797,Sunil Jain,55
798,Bina Mishra,50
799,Arun Yadav,38
800,Jyoti Bhattacharya,43
801,Sunita Teja,53
802,Kiran Siddiqui,22
803,Meena Yadav,50
804,Mala Malhotra,18
805,Anita Srivastava,23
806,Sachin Varma,54
807,Pankaj Shah,19
808,Prashant Shah,22
809,Navin Gupta,43
810,Pankaj Alva,58
811,Amit Joshi,30
812,Prashant Chatterjee,29
813,Jyoti Gupta,22
814,Meena Malhotra,19
815,Priya Roy,21
816,Shruti Verma,44
817,Priya Singh,27
818,Amit Goyal,30
819,Aditya Nair,19
820,Aditya Jain,43
821,Aditya Rao,32
822,Anita Menon,27
823,Pooja Joshi,39
824,Krishna Goyal,57
825,Sumit Teja,42
826,Kiran Mathur,32
827,Bina Solanki,30
828,Sneha Yadav,25
829,Pooja Kaur,38
830,Namita Ghosh,38
831,Sunita Mathur,39
832,Vivek Srivastava,50
833,Radha Sheth,44
834,Nikhil Menon,57
835,Aditya Kulkarni,39
836,Krishna Rathod,47
837,Reena Arora,26
838,Anita Pathak,52
839,Yogesh Rao,35
840,Umesh Teja,59
841,Vivek Yadav,22
842,Sunil Siddiqui,44
843,Vivek Srivastava,23
844,Navin Pathak,49
845,Tanuja Goyal,25
846,Tanuja Bhatnagar,56
847,Monika Srivastava,38
848,Priyanka Goyal,35
849,Harish Prasad,31
850,Vinod Ahuja,32
851,Tapan Gupta,59
852,Tapan Joshi,43
853,Krishna Menon,49
854,Pankaj Sheth,56
855,Anand Srivastava,45
856,Rohan Dutta,56
857,Pooja Kaur,49
858,Yogesh Kulkarni,30
859,Sachin Joshi,32
860,Devendra Rao,35
861,Manoj Pathak,56
862,Kunal Deshmukh,23
863,Ayesha Ghosh,28
864,Rohan Mishra,49
865,Sumit Alva,57
866,Anita Mehta,37
867,Umesh Menon,50
868,Deepika Gupta,57
869,Tanuja Dutta,25
870,Sachin Rawat,52
871,Ayesha Kaur,22
872,Anjali Ahuja,52
873,Isha Nair,31
874,Bhavana Kapoor,38
875,Prashant Dutta,41
876,Anand Kaur,34
877,Deepika Verma,35
878,Kiran Rathod,51
879,Meena Das,29
880,Pankaj Srivastava,33
881,Sneha Rao,21
882,Nikhil Patel,42
883,Lalita Siddiqui,51
884,Radha Kulkarni,45
885,Meena Kumar,28
886,Vinod Chatterjee,30
887,Priyanka Nambiar,48
888,Reena Teja,42
889,Manoj Jain,56
890,Ramesh Mishra,27
891,Anita Srivastava,41
892,Namita Sheth,18
893,Mala Chatterjee,42
894,Sumit Joshi,45
895,Vivek Bhatnagar,53
896,Radha Kulkarni,35
897,Tapan Deshmukh,23
898,Sachin Rao,19
899,Gita Teja,20
900,Priya Patel,25
901,Anand Thakur,48
902,Sneha Thakur,36
903,Arun Deshmukh,23
904,Isha Nair,31
905,Bina Joshi,20
906,Arun Dutta,18
907,Aditya Luthra,47
908,Kiran Rawat,36
909,Ramesh Chatterjee,36
910,Meena Mathur,26
911,Krishna Mehta,24
912,Pankaj Desai,54
913,Navin Joshi,58
914,Ravi Teja,24
915,Neeta Mishra,26
916,Vijay Siddiqui,21
917,Sumit Malhotra,42
918,Vivek Alva,29
919,Pooja Deshmukh,23
920,Arun Gupta,35
921,Sachin Sheth,57
922,Manoj Jain,38
923,Meena Roy,32
924,Vinod Arora,20
925,Vinod Verma,19
926,Sunita Nair,58
927,Bina Nair,57
928,Pankaj Prasad,21
929,Jyoti Varma,49
930,Kunal Yadav,19
931,Pankaj Prasad,46
932,Neeta Nair,19
933,Navin Patel,51
934,Sumit Malhotra,44
935,Navin Kapoor,56
936,Namita Teja,55
937,Monika Chatterjee,35
938,Monika Mehta,53
939,Ayesha Kaur,36
940,Vijay Malhotra,44
941,Sachin Shah,37
942,Ayesha Ahuja,38
943,Ravi Reddy,40
944,Pankaj Kapoor,47
945,Lalita Kaur,42
946,Pankaj Alva,48
947,Ayesha Bhattacharya,44
948,Harish Kumar,51
949,Yogesh Desai,25
950,Shruti Dutta,36
951,Neeta Malhotra,58
952,Tanuja Solanki,43
953,Namita Kumar,45
954,Sumit Chatterjee,21
955,Ravi Jain,48
956,Rohan Pathak,33
957,Rohan Rathod,27
958,Namita Goyal,55
959,Tanuja Bhatnagar,27
960,Rajesh Kapoor,26
961,Lalita Desai,56
962,Ramesh Verma,53
963,Sanjay Roy,53
964,Krishna Mehta,36
965,Vinod Chatterjee,36
966,Kiran Jain,29
967,Anita Sharma,30
968,Radha Ghosh,42
969,Namita Kumar,53
970,Navin Pathak,42
971,Ramesh Yadav,45
972,Devendra Thakur,59
973,Bhavana Sheth,56
974,Yogesh Reddy,47
975,Kavita Iyer,22
976,Sunil Rawat,34
977,Arun Rawat,35
978,Tanuja Ahuja,38
979,Anand Mehta,39
980,Bhavana Mishra,56
981,Harish Pillai,23
982,Radha Sheth,33
983,Rajesh Arora,19
984,Meena Kumar,18
985,Vivek Teja,47
986,Devendra Yadav,54
987,Bhavana Rathod,40
988,Lata Goyal,18
989,Isha Luthra,36
990,Neeta Pillai,20
991,Lalita Sheth,19
992,Prashant Verma,54
993,Prashant Sharma,34
994,Nikhil Arora,45
995,Prashant Arora,35
996,Kiran Pathak,50
997,Ravi Jain,32
998,Yogesh Luthra,39
999,Arun Iyer,58
1000,Anand Kapoor,44
1001,Lata Alva,54
1002,Arun Siddiqui,49
1003,Bhavana Mehta,36
1004,Krishna Patel,45
1005,Ramesh Shah,45
1006,Yogesh Malhotra,27
1007,Priyanka Dutta,37
1008,Manoj Dutta,42
1009,Vijay Rawat,38
1010,Umesh Menon,31
1011,Vinod Prasad,39
1012,Harish Prasad,43
1013,Bina Siddiqui,28
1014,Prashant Chatterjee,24
1015,Amit Rathod,34
1016,Arun Shah,35
1017,Umesh Kulkarni,24
1018,Bhavana Prasad,37
1019,Nikhil Rathod,55
1020,Anjali Srivastava,28
1021,Anita Kulkarni,33
1022,Sumit Rathod,44
1023,Monika Rawat,28
1024,Sumit Ghosh,33
1025,Anita Menon,40
1026,Bhavana Yadav,29
1027,Umesh Kaur,57
1028,Krishna Iyer,20
1029,Lalita Rao,19
1030,Kavita Kumar,55
1031,Neeta Singh,41
1032,Namita Siddiqui,46
1033,Anand Bhattacharya,51
1034,Kavita Bhatnagar,37
1035,Arun Prasad,35
1036,Kiran Rathod,31
1037,Bina Teja,35
1038,Devendra Mathur,19
1039,Lalita Alva,18
1040,Tanuja Reddy,37
1041,Prashant Sharma,51
1042,Rajesh Prasad,58
1043,Jyoti Rawat,58
1044,Sachin Varma,28
1045,Pankaj Mehta,44
1046,Meena Dutta,40
1047,Monika Nambiar,55
1048,Tapan Rathod,20
1049,Sunil Kumar,29
1050,Namita Siddiqui,47
1051,Prashant Jain,48
1052,Kunal Yadav,40
1053,Umesh Ghosh,18
1054,Lata Mehta,58
1055,Ravi Arora,37
1056,Kavita Nair,23
1057,Kavita Teja,28
1058,Sunita Sheth,52
1059,Isha Ahuja,21
1060,Ravi Teja,46
1061,Ramesh Srivastava,27
1062,Sneha Rao,46
1063,Vivek Bhatnagar,55
1064,Navin Sharma,18
1065,Priya Siddiqui,57
1066,Shruti Kulkarni,25
1067,Nikhil Bhattacharya,55
1068,Navin Solanki,34
1069,Reena Bhattacharya,36
1070,Radha Gupta,50
1071,Monika Bhatnagar,32
1072,Tapan Varma,48
1073,Ayesha Solanki,38
1074,Lalita Alva,20
1075,Vivek Menon,19
1076,Priyanka Jain,52
1077,Sneha Sharma,58
1078,Mala Pathak,33
1079,Navin Kapoor,38
1080,Tapan Ahuja,29
1081,Ramesh Solanki,45
1082,Yogesh Patel,29
1083,Nikhil Ahuja,50
1084,Vivek Prasad,37
1085,Navin Mathur,57
1086,Sunita Teja,38
1087,Bhavana Mishra,56
1088,Aditya Menon,58
1089,Anita Sharma,59
1090,Manoj Mehta,53
1091,Deepika Shah,39
1092,Amit Das,43
1093,Pooja Menon,24
1094,Yogesh Kaur,24
1095,Anjali Varma,25
1096,Sanjay Patel,43
1097,Anjali Varma,41
1098,Vinod Dutta,41
1099,Meena Desai,57
1100,Umesh Rawat,29
1101,Pankaj Arora,25
1102,Sumit Reddy,26
1103,Nikhil Kapoor,20
1104,Amit Prasad,38
1105,Ayesha Patel,48
1106,Rajesh Ghosh,41
1107,Gita Bhattacharya,21
1108,Sanjay Das,37
1109,Deepika Reddy,33
1110,Krishna Nambiar,27
1111,Mala Mathur,43
1112,Krishna Menon,46
1113,Rajesh Menon,22
1114,Devendra Srivastava,28
1115,Sanjay Pathak,46
1116,Sunita Verma,32
1117,Sachin Joshi,23
1118,Krishna Alva,32
1119,Amit Rao,37
1120,Lalita Sheth,51
1121,Anita Prasad,19
1122,Vivek Alva,33
1123,Kiran Bhattacharya,36
1124,Vinod Pathak,51
1125,Nikhil Rathod,31
1126,Lata Dutta,41
1127,Kunal Patel,45
1128,Deepika Alva,49
1129,Radha Jain,54
1130,Kiran Pathak,27
1131,Krishna Goyal,26
1132,Tapan Ahuja,41
1133,Priya Patel,53
1134,Anita Ghosh,46
1135,Deepika Menon,46
1136,Vinod Kaur,40
1137,Krishna Bhattacharya,44
1138,Arun Mathur,48
1139,Deepika Solanki,24
1140,Rajesh Prasad,21
1141,Priya Singh,31
1142,Vinod Dutta,59
1143,Meena Verma,59
1144,Rohan Goyal,27
1145,Priya Siddiqui,51
1146,Meena Menon,43
1147,Aditya Joshi,40
1148,Rohan Jain,26
1149,Ravi Teja,54
1150,Lata Chatterjee,25
1151,Bhavana Ghosh,31
1152,Sunita Singh,24
1153,Deepika Gupta,24
1154,Amit Prasad,26
1155,Prashant Gupta,20
1156,Anjali Thakur,31
1157,Manoj Iyer,34
1158,Prashant Nair,39
1159,Prashant Nair,43
1160,Kavita Iyer,45
1161,Namita Pathak,31
1162,Nikhil Chaudhary,26
1163,Rajesh Kulkarni,43
1164,Namita Patel,19
1165,Krishna Joshi,28
1166,Isha Singh,34
1167,Rohan Sheth,51
1168,Radha Kaur,36
1169,Meena Prasad,56
1170,Pooja Joshi,35
1171,Pankaj Singh,30
1172,Anand Pillai,22
1173,Vijay Siddiqui,40
1174,Rajesh Ahuja,41
1175,Anjali Thakur,46
1176,Sunil Rawat,25
1177,Kavita Rawat,43
1178,Kiran Gupta,32
1179,Lata Verma,18
1180,Meena Patel,45
1181,Rohan Thakur,31
1182,Mala Ghosh,59
1183,Lalita Siddiqui,51
1184,Sachin Iyer,48
1185,Sunita Singh,23
1186,Kiran Ghosh,22
1187,Shruti Shah,48
1188,Amit Goyal,54
1189,Pooja Goyal,32
1190,Sunil Jain,32
1191,Pankaj Bhattacharya,22
1192,Bhavana Bhatnagar,45
1193,Navin Gupta,50
1194,Krishna Mehta,28
1195,Sunita Sheth,23
1196,Lalita Nambiar,40
1197,Sunil Dutta,57
1198,Manoj Nambiar,19
1199,Radha Gupta,32
1200,Priya Bhattacharya,40
1201,Reena Arora,39
1202,Deepika Iyer,26
1203,Vinod Nair,57
1204,Rajesh Ghosh,47
1205,Arun Gupta,33
1206,Mala Thakur,47
1207,Nikhil Solanki,26
1208,Priyanka Menon,18
1209,Ayesha Sheth,55
1210,Meena Roy,25
1211,Nikhil Solanki,35
1212,Ayesha Sheth,44
1213,Ayesha Siddiqui,35
1214,Vivek Siddiqui,49
1215,Prashant Verma,49
1216,Gita Mehta,53
1217,Rajesh Chatterjee,53
1218,Pankaj Pathak,38
1219,Sunil Gupta,49
1220,Manoj Kaur,48
1221,Tapan Mathur,54
1222,Manoj Sharma,33
1223,Prashant Chatterjee,31
1224,Jyoti Varma,41
1225,Lalita Rathod,42
1226,Vivek Teja,52
1227,Sumit Malhotra,34
1228,Anjali Chaudhary,59
1229,Lata Chaudhary,21
1230,Ayesha Luthra,28
1231,Vinod Prasad,32
1232,Umesh Dutta,47
1233,Radha Alva,41
1234,Lata Reddy,19
1235,Vivek Mathur,51
1236,Bhavana Prasad,40
1237,Umesh Varma,48
1238,Krishna Rathod,54
1239,Ravi Varma,30
1240,Prashant Das,50
1241,Yogesh Rao,24
1242,Mala Thakur,49
1243,Tapan Chatterjee,24
1244,Sachin Rao,59
1245,Sunita Mehta,55
1246,Arun Kumar,30
1247,Aditya Iyer,41
1248,Anita Arora,45
1249,Pankaj Teja,49
1250,Kavita Ahuja,35
1251,Sneha Arora,51
1252,Yogesh Patel,51
1253,Radha Ghosh,55
1254,Lalita Bhatnagar,18
1255,Pankaj Teja,59
1256,Umesh Rawat,48
1257,Prashant Arora,18
1258,Prashant Rathod,33
1259,Sumit Sharma,56
1260,Tanuja Dutta,32
1261,Sanjay Ghosh,50
1262,Meena Yadav,40
1263,Radha Nair,58
1264,Radha Mathur,51
1265,Lalita Bhatnagar,34
1266,Anita Dutta,42
1267,Pankaj Prasad,59
1268,Anita Mishra,23
1269,Sunil Rao,48
1270,Vivek Rawat,22
1271,Isha Ahuja,57
1272,Priya Reddy,57
1273,Sumit Nambiar,47
1274,Manoj Kulkarni,22
1275,Yogesh Roy,29
1276,Harish Sharma,24
1277,Sumit Dutta,30
1278,Pooja Sharma,21
1279,Isha Nair,59
1280,Ayesha Bhattacharya,20
1281,Umesh Bhattacharya,29
1282,Lata Mathur,18
1283,Anita Mehta,44
1284,Sanjay Joshi,30
1285,Isha Kaur,34
1286,Meena Dutta,25
1287,Neeta Menon,49
1288,Bina Mathur,37
1289,Neeta Mishra,34
1290,Sunil Chaudhary,51
1291,Sneha Prasad,52
1292,Isha Arora,52
1293,Priyanka Pathak,55
1294,Deepika Verma,59
1295,Bhavana Luthra,41
1296,Sunita Luthra,35
1297,Aditya Joshi,56
1298,Kiran Nair,50
1299,Meena Das,40
1300,Pankaj Nambiar,42
1301,Sumit Siddiqui,54
1302,Ayesha Solanki,44
1303,Sneha Malhotra,18
1304,Lalita Rao,38
1305,Kiran Siddiqui,27
1306,Neeta Singh,48
1307,Vivek Siddiqui,42
1308,Vinod Nambiar,37
1309,Vinod Nambiar,19
1310,Krishna Menon,32
1311,Shruti Sharma,45
1312,Nikhil Varma,30
1313,Nikhil Kapoor,31
1314,Arun Luthra,19
1315,Manoj Kulkarni,51
1316,Ayesha Luthra,52
1317,Ayesha Ghosh,54
1318,Namita Nambiar,42
1319,Nikhil Deshmukh,32
1320,Neeta Solanki,29
1321,Kiran Goyal,26
1322,Anita Kumar,48
1323,Deepika Prasad,31
1324,Monika Thakur,46
1325,Aditya Joshi,55
1326,Reena Teja,59
1327,Ayesha Thakur,25
1328,Anita Arora,20
1329,Reena Patel,19
1330,Krishna Iyer,33
1331,Ramesh Gupta,36
1332,Anand Kaur,47
1333,Deepika Kulkarni,58
1334,Amit Teja,33
1335,Sneha Malhotra,48
1336,Pankaj Varma,45
1337,Sneha Sharma,21
1338,Prashant Das,27
1339,Ravi Varma,35
1340,Radha Kapoor,49
1341,Namita Das,47
1342,Ramesh Solanki,53
1343,Deepika Verma,26
1344,Priya Mathur,53
1345,Lata Mehta,46
1346,Prashant Gupta,33
1347,Ramesh Kumar,45
1348,Neeta Desai,38
1349,Navin Verma,19
1350,Ayesha Roy,52
1351,Lalita Luthra,45
1352,Jyoti Sheth,53
1353,Vinod Solanki,48
1354,Sneha Prasad,50
1355,Rajesh Sheth,40
1356,Lata Patel,58
1357,Nikhil Kapoor,34
1358,Anita Joshi,18
1359,Vinod Ahuja,59
1360,Anita Pillai,40
1361,Kiran Chaudhary,44
1362,Deepika Patel,42
1363,Umesh Nair,49
1364,Radha Bhatnagar,36
1365,Monika Mehta,41
1366,Pooja Kaur,20
1367,Sneha Ghosh,29
1368,Navin Malhotra,52
1369,Kavita Siddiqui,32
1370,Ayesha Thakur,34
1371,Tapan Rawat,49
1372,Monika Mathur,24
1373,Priyanka Jain,36
1374,Mala Rawat,24
1375,Sunil Menon,22
1376,Lata Rawat,57
1377,Prashant Arora,38
1378,Kavita Dutta,24
1379,Sneha Mehta,54
1380,Radha Ghosh,40
1381,Radha Solanki,28
1382,Nikhil Menon,27
1383,Sumit Dutta,38
1384,Priya Varma,58
1385,Manoj Mehta,50
1386,Sumit Alva,37
1387,Anand Yadav,50
1388,Rajesh Siddiqui,57
1389,Ravi Sharma,52
1390,Tapan Siddiqui,51
1391,Umesh Teja,53
1392,Tapan Siddiqui,44
1393,Prashant Gupta,36
1394,Ravi Patel,22
1395,Rajesh Nambiar,46
1396,Sneha Patel,27
1397,Ravi Siddiqui,57
1398,Krishna Pillai,30
1399,Navin Malhotra,46
1400,Neeta Solanki,22
1401,Meena Dutta,29
1402,Pankaj Alva,30
1403,Ravi Arora,39
1404,Anjali Desai,57
1405,Vijay Solanki,32
1406,Rajesh Nambiar,30
1407,Namita Malhotra,18
1408,Kavita Dutta,55
1409,Vijay Das,18
1410,Ravi Siddiqui,28
1411,Priyanka Patel,57
1412,Sunil Iyer,39
1413,Sneha Prasad,52
1414,Arun Gupta,23
1415,Priyanka Sharma,45
1416,Pankaj Gupta,48
1417,Yogesh Luthra,25
1418,Yogesh Mishra,22
1419,Priyanka Pathak,59
1420,Harish Patel,34
1421,Vijay Patel,55
1422,Tapan Kumar,26
1423,Kavita Teja,27
1424,Namita Teja,37
1425,Kavita Rawat,31
1426,Isha Desai,31
1427,Radha Kulkarni,43
1428,Ramesh Verma,46
1429,Neeta Mathur,44
1430,Pooja Roy,42
1431,Sneha Mishra,33
1432,Priya Mehta,53
1433,Bhavana Mehta,51
1434,Kiran Solanki,33
1435,Kunal Chaudhary,50
1436,Pooja Luthra,20
1437,Rajesh Kulkarni,40
1438,Reena Sharma,28
1439,Sunil Dutta,35
1440,Anita Srivastava,58
1441,Kavita Singh,46
1442,Shruti Shah,22
1443,Namita Ghosh,41
1444,Radha Kaur,46
1445,Prashant Teja,46
1446,Rohan Singh,43
1447,Nikhil Patel,57
1448,Rajesh Verma,20
1449,Sunita Das,19
1450,Sneha Menon,42
1451,Priyanka Sharma,36
1452,Bhavana Teja,57
1453,Deepika Reddy,19
1454,Ravi Jain,36
1455,Kavita Iyer,18
1456,Radha Alva,44
1457,Deepika Malhotra,52
1458,Ayesha Singh,58
1459,Lata Shah,22
1460,Bina Solanki,55
1461,Anita Varma,21
1462,Devendra Mathur,34
1463,Isha Nair,38
1464,Meena Das,48
1465,Kavita Teja,39
1466,Pankaj Singh,28
1467,Mala Kulkarni,51
1468,Pankaj Desai,32
1469,Sneha Sharma,27
1470,Sanjay Malhotra,55
1471,Umesh Dutta,49
1472,Bina Mathur,48
1473,Namita Siddiqui,54
1474,Priyanka Alva,45
1475,Mala Thakur,48
1476,Monika Goyal,23
1477,Aditya Menon,31
1478,Tapan Deshmukh,40
1479,Navin Kapoor,33
1480,Sachin Nambiar,42
1481,Anjali Ahuja,56
1482,Kiran Singh,19
1483,Umesh Dutta,55
1484,Ravi Varma,58
1485,Umesh Varma,56
1486,Pankaj Shah,51
1487,Vijay Singh,57
1488,Jyoti Roy,42
1489,Kunal Malhotra,53
1490,Shruti Bhatnagar,33
1491,Lata Alva,35
1492,Navin Chaudhary,30
1493,Radha Srivastava,54
1494,Arun Nair,44
1495,Anita Mathur,51
1496,Jyoti Rawat,28
1497,Radha Varma,18
1498,Neeta Kumar,30
1499,Kavita Kaur,47
1500,Deepika Shah,22
1501,Sachin Goyal,35
1502,Pooja Deshmukh,31
1503,Reena Das,30
1504,Amit Ahuja,49
1505,Pankaj Desai,24
1506,Rajesh Roy,25
1507,Shruti Mehta,24
1508,Neeta Menon,33
1509,Kavita Bhatnagar,48
1510,Pooja Pillai,44
1511,Devendra Jain,50
1512,Bhavana Mishra,46
1513,Vijay Das,25
1514,Shruti Verma,50
1515,Aditya Patel,58
1516,Sunita Luthra,36
1517,Manoj Gupta,38
1518,Pooja Deshmukh,58
1519,Ravi Prasad,38
1520,Umesh Rawat,42
1521,Shruti Pathak,59
1522,Manoj Kapoor,40
1523,Anita Dutta,28
1524,Deepika Patel,50
1525,Arun Rawat,37
1526,Kavita Kapoor,42
1527,Sachin Ghosh,43
1528,Sunita Verma,57
1529,Prashant Roy,29
1530,Ravi Malhotra,49
1531,Krishna Alva,50
1532,Vivek Sheth,27
1533,Anita Malhotra,21
1534,Ramesh Srivastava,32
1535,Meena Roy,23
1536,Anita Malhotra,44
1537,Tapan Singh,22
1538,Prashant Deshmukh,22
1539,Sunita Mathur,35
1540,Meena Srivastava,45
1541,Anita Rawat,52
1542,Manoj Jain,39
1543,Anjali Srivastava,51
1544,Anand Kaur,21
1545,Sunil Varma,35
1546,Deepika Patel,58
1547,Sunil Luthra,43
1548,Gita Dutta,59
1549,Mala Dutta,39
1550,Amit Chatterjee,50
1551,Shruti Dutta,31
1552,Ramesh Varma,48
1553,Reena Kulkarni,27
1554,Anand Kaur,41
1555,Sunil Siddiqui,38
1556,Rohan Sheth,25
1557,Sunita Iyer,49
1558,Bhavana Ghosh,48
1559,Priya Thakur,51
1560,Sanjay Srivastava,40
1561,Meena Sheth,42
1562,Meena Joshi,24
1563,Manoj Gupta,36
1564,Anand Kaur,24
1565,Rohan Dutta,25
1566,Prashant Deshmukh,31
1567,Priya Kaur,18
1568,Anand Siddiqui,30
1569,Rajesh Ghosh,20
1570,Sanjay Roy,45
1571,Kavita Kumar,55
1572,Prashant Jain,32
1573,Namita Teja,53
1574,Yogesh Mishra,20
1575,Anita Joshi,21
1576,Rohan Deshmukh,22
1577,Vivek Rawat,43
1578,Priya Bhattacharya,42
1579,Tapan Singh,27
1580,Meena Desai,25
1581,Pankaj Pathak,29
1582,Rajesh Chaudhary,20
1583,Lata Shah,44
1584,Anand Patel,40
1585,Meena Rathod,57
1586,Jyoti Iyer,50
1587,Ramesh Gupta,31
1588,Sumit Chatterjee,40
1589,Reena Patel,48
1590,Manoj Siddiqui,30
1591,Lalita Rathod,29
1592,Ravi Kulkarni,52
1593,Arun Kapoor,35
1594,Isha Dutta,38
1595,Vivek Bhattacharya,59
1596,Devendra Rao,18
1597,Prashant Luthra,55
1598,Shruti Kulkarni,58
1599,Monika Goyal,59
1600,Kiran Jain,26
1601,Arun Dutta,40
1602,Tapan Kumar,31
1603,Bhavana Mathur,28
1604,Devendra Menon,24
1605,Lata Joshi,48
1606,Sachin Ghosh,41
1607,Yogesh Roy,43
1608,Vivek Srivastava,47
1609,Meena Pillai,51
1610,Rohan Sheth,55
1611,Vivek Shah,22
1612,Manoj Sharma,22
1613,Vivek Nambiar,36
1614,Amit Pillai,55
1615,Lalita Verma,45
1616,Nikhil Patel,43
1617,Ayesha Roy,59
1618,Yogesh Kulkarni,40
1619,Aditya Sheth,47
1620,Shruti Teja,20
1621,Priya Teja,45
1622,Krishna Patel,50
1623,Tanuja Gupta,59
1624,Radha Nair,20
1625,Meena Verma,22
1626,Lata Verma,36
1627,Tanuja Bhatnagar,59
1628,Sachin Chaudhary,18
1629,Namita Goyal,55
1630,Shruti Chaudhary,26
1631,Shruti Ahuja,22
1632,Bina Das,59
1633,Neeta Pillai,51
1634,Vijay Rao,54
1635,Rohan Rathod,50
1636,Priya Mathur,42
1637,Prashant Shah,59
1638,Sachin Singh,46
1639,Neeta Yadav,42
1640,Pankaj Alva,26
1641,Ayesha Siddiqui,20
1642,Rohan Menon,32
1643,Ayesha Kaur,21
1644,Ravi Bhattacharya,55
1645,Radha Nair,37
1646,Harish Mishra,40
1647,Anita Srivastava,54
1648,Amit Ahuja,25
1649,Radha Varma,54
1650,Manoj Shah,50
1651,Lata Rathod,50
1652,Isha Reddy,24
1653,Kavita Rawat,39
1654,Meena Mathur,22
1655,Bhavana Malhotra,32
1656,Anita Pillai,38
1657,Prashant Gupta,42
1658,Vinod Goyal,34
1659,Sumit Malhotra,24
1660,Sachin Goyal,36
1661,Rohan Menon,24
1662,Ravi Jain,57
1663,Neeta Ghosh,41
1664,Amit Prasad,28
1665,Harish Joshi,58
1666,Vinod Dutta,18
1667,Manoj Jain,49
1668,Rohan Shah,57
1669,Vinod Chatterjee,19
1670,Monika Thakur,32
1671,Anita Joshi,38
1672,Navin Solanki,41
1673,Arun Mehta,34
1674,Krishna Pillai,26
1675,Rajesh Ahuja,52
1676,Sneha Reddy,37
1677,Pooja Sharma,36
1678,Priya Patel,35
1679,Mala Das,37
1680,Shruti Joshi,47
1681,Anita Joshi,57
1682,Vijay Prasad,18
1683,Sanjay Srivastava,41
1684,Neeta Yadav,41
1685,Namita Malhotra,36
1686,Sachin Singh,47
1687,Lata Iyer,43
1688,Prashant Mathur,59
1689,Jyoti Srivastava,55
1690,Ramesh Gupta,46
1691,Pankaj Prasad,30
1692,Prashant Gupta,21
1693,Namita Mehta,34
1694,Bina Kumar,50
1695,Shruti Chaudhary,22
1696,Krishna Bhattacharya,45
1697,Bina Kumar,41
1698,Kavita Solanki,34
1699,Anita Luthra,56
1700,Navin Chaudhary,57
1701,Prashant Luthra,28
1702,Krishna Iyer,29
1703,Pankaj Mishra,30
1704,Prashant Roy,25
1705,Sumit Rathod,18
1706,Manoj Goyal,26
1707,Arun Desai,45
1708,Lata Verma,19
1709,Neeta Ghosh,31
1710,Priya Varma,30
1711,Tapan Nair,19
1712,Manoj Patel,21
1713,Bhavana Ghosh,29
1714,Priya Teja,27
1715,Tanuja Teja,20
1716,Kavita Solanki,21
1717,Sneha Mishra,23
1718,Sunil Iyer,40
1719,Vijay Varma,22
1720,Prashant Ghosh,20
1721,Aditya Arora,27
1722,Bhavana Malhotra,36
1723,Namita Desai,31
1724,Arun Kumar,38
1725,Bhavana Jain,45
1726,Shruti Ahuja,38
1727,Mala Malhotra,53
1728,Priya Roy,41
1729,Priyanka Sharma,55
1730,Amit Pillai,34
1731,Ayesha Dutta,39
1732,Vivek Siddiqui,36
1733,Mala Arora,27
1734,Vivek Nair,28
1735,Arun Luthra,55
1736,Priyanka Roy,19
1737,Pankaj Sheth,50
1738,Prashant Arora,48
1739,Yogesh Shah,52
1740,Tapan Kulkarni,54
1741,Kavita Kumar,53
1742,Reena Sheth,40
1743,Anjali Alva,53
1744,Anita Shah,57
1745,Yogesh Shah,56
1746,Jyoti Iyer,43
1747,Bhavana Arora,42
1748,Arun Luthra,34
1749,Ramesh Rao,32
1750,Namita Bhatnagar,54
1751,Sachin Desai,21
1752,Mala Kulkarni,39
1753,Harish Goyal,34
1754,Lata Kaur,39
1755,Ramesh Rao,34
1756,Devendra Arora,31
1757,Meena Kulkarni,31
1758,Rohan Menon,34
1759,Nikhil Luthra,25
1760,Kiran Bhattacharya,51
1761,Arun Kaur,43
1762,Monika Mehta,47
1763,Lalita Desai,39
1764,Ravi Reddy,33
1765,Pooja Patel,47
1766,Manoj Jain,33
1767,Pooja Solanki,55
1768,Rohan Menon,41
1769,Anjali Patel,53
1770,Krishna Chatterjee,52
1771,Vivek Alva,23
1772,Reena Deshmukh,21
1773,Jyoti Varma,35
1774,Bina Bhattacharya,23
1775,Yogesh Sharma,43
1776,Bina Jain,54
1777,Sneha Yadav,44
1778,Anand Nair,58
1779,Arun Desai,28
1780,Sunil Sheth,55
1781,Anand Bhattacharya,33
1782,Amit Ahuja,36
1783,Kiran Rawat,32
1784,Nikhil Deshmukh,43
1785,Meena Thakur,58
1786,Pooja Patel,48
1787,Bina Goyal,36
1788,Devendra Luthra,41
1789,Navin Malhotra,26
1790,Anand Chatterjee,40
1791,Mala Thakur,21
1792,Anjali Thakur,27
1793,Harish Kapoor,26
1794,Radha Srivastava,36
1795,Navin Malhotra,32
1796,Krishna Alva,51
1797,Vivek Rathod,59
1798,Aditya Kulkarni,36
1799,Sanjay Pillai,38
1800,Kavita Srivastava,51
1801,Priya Dutta,34
1802,Reena Chatterjee,35
1803,Anjali Chaudhary,34
1804,Radha Ghosh,19
1805,Neeta Deshmukh,18
1806,Manoj Nambiar,27
1807,Navin Sharma,54
1808,Kiran Rathod,22
1809,Pooja Goyal,29
1810,Namita Sheth,53
1811,Pankaj Bhattacharya,48
1812,Monika Mathur,55
1813,Vinod Ahuja,26
1814,Bhavana Arora,43
1815,Isha Ahuja,32
1816,Neeta Desai,33
1817,Kiran Solanki,30
1818,Pooja Menon,42
1819,Sumit Mishra,47
1820,Prashant Jain,24
1821,Ravi Thakur,21
1822,Harish Malhotra,57
1823,Sunita Roy,55
1824,Sumit Teja,47
1825,Lata Reddy,27
1826,Bhavana Ghosh,47
1827,Mala Ghosh,56
1828,Rohan Jain,24
1829,Rohan Nambiar,53
1830,Navin Chaudhary,52
1831,Sanjay Das,41
1832,Prashant Nair,56
1833,Prashant Sharma,53
1834,Manoj Kulkarni,37
1835,Jyoti Iyer,49
1836,Namita Roy,56
1837,Kiran Pathak,43
1838,Ramesh Verma,43
1839,Deepika Prasad,53
1840,Lalita Sheth,52
1841,Harish Prasad,52
1842,Ayesha Solanki,29
1843,Harish Prasad,50
1844,Vivek Teja,53
1845,Rohan Menon,31
1846,Vijay Varma,50
1847,Rajesh Menon,41
1848,Ravi Bhattacharya,32
1849,Sachin Rawat,48
1850,Reena Teja,34
1851,Anita Rawat,29
1852,Pankaj Alva,39
1853,Meena Mathur,40
1854,Vinod Prasad,43
1855,Sanjay Menon,31
1856,Rajesh Shah,29
1857,Krishna Bhattacharya,21
1858,Umesh Ghosh,30
1859,Kiran Bhattacharya,35
1860,Manoj Goyal,45
1861,Sachin Jain,55
1862,Bhavana Reddy,58
1863,Sumit Mishra,36
1864,Gita Rao,55
1865,Ravi Teja,20
1866,Nikhil Patel,36
1867,Deepika Dutta,37
1868,Manoj Goyal,42
1869,Shruti Verma,28
1870,Meena Desai,34
1871,Vivek Pathak,52
1872,Vinod Kumar,31
1873,Priya Dutta,56
1874,Kiran Gupta,36
1875,Namita Kumar,20
1876,Krishna Patel,51
1877,Tapan Chatterjee,58
1878,Kiran Malhotra,39
1879,Aditya Mishra,55
1880,Anand Kapoor,44
1881,Anita Dutta,38
1882,Radha Gupta,58
1883,Kiran Solanki,48
1884,Meena Patel,44
1885,Vivek Yadav,54
1886,Kunal Yadav,19
1887,Vivek Rathod,26
1888,Vijay Rao,36
1889,Sachin Ghosh,59
1890,Vinod Verma,53
1891,Tanuja Rao,27
1892,Rajesh Chatterjee,57
1893,Vivek Nambiar,56
1894,Lata Dutta,24
1895,Yogesh Siddiqui,21
1896,Anita Deshmukh,32
1897,Shruti Sheth,29
1898,Shruti Chaudhary,23
1899,Lalita Patel,26
1900,Isha Thakur,52
1901,Harish Pillai,25
1902,Nikhil Solanki,24
1903,Radha Sheth,21
1904,Priya Reddy,30
1905,Sunita Mathur,36
1906,Bhavana Jain,24
1907,Namita Ghosh,27
1908,Harish Sharma,42
1909,Bina Singh,52
1910,Bhavana Dutta,42
1911,Neeta Desai,46
1912,Pankaj Varma,29
1913,Tanuja Teja,57
1914,Vijay Das,29
1915,Pankaj Srivastava,23
1916,Nikhil Solanki,27
1917,Nikhil Reddy,19
1918,Monika Solanki,42
1919,Priyanka Menon,24
1920,Neeta Mathur,57
1921,Aditya Luthra,40
1922,Ramesh Gupta,28
1923,Sanjay Ghosh,53
1924,Vijay Prasad,40
1925,Pooja Thakur,24
1926,Pankaj Desai,44
1927,Sumit Teja,30
1928,Priyanka Yadav,34
1929,Isha Arora,49
1930,Isha Gupta,43
1931,Meena Roy,39
1932,Priya Bhattacharya,30
1933,Sachin Jain,29
1934,Meena Menon,24
1935,Monika Bhatnagar,18
1936,Manoj Kaur,50
1937,Manoj Thakur,31
1938,Priya Patel,58
1939,Deepika Desai,34
1940,Anjali Ahuja,21
1941,Sunil Das,56
1942,Sunil Arora,18
1943,Priyanka Nambiar,58
1944,Reena Chatterjee,41
1945,Aditya Luthra,51
1946,Isha Reddy,51
1947,Rajesh Verma,41
1948,Manoj Kaur,32
1949,Jyoti Jain,34
1950,Pankaj Shah,30
1951,Priyanka Pillai,24
1952,Tapan Bhattacharya,26
1953,Kiran Nair,52
1954,Sunil Kapoor,40
1955,Lalita Bhatnagar,56
1956,Anita Deshmukh,40
1957,Tapan Rawat,43
1958,Tapan Gupta,18
1959,Anita Mishra,31
1960,Tapan Rawat,49
1961,Pooja Srivastava,27
1962,Vivek Srivastava,18
1963,Arun Iyer,22
1964,Devendra Srivastava,20
1965,Jyoti Pillai,44
1966,Pankaj Luthra,39
1967,Bina Nair,35
1968,Kiran Malhotra,33
1969,Tanuja Dutta,19
1970,Devendra Singh,30
1971,Kavita Srivastava,33
1972,Anjali Nambiar,25
1973,Lata Mathur,25
1974,Deepika Menon,27
1975,Vivek Teja,50
1976,Reena Sheth,48
1977,Prashant Mathur,29
1978,Pankaj Teja,26
1979,Pankaj Kapoor,54
1980,Harish Joshi,26
1981,Ramesh Rao,35
1982,Vinod Joshi,47
1983,Navin Solanki,49
1984,Gita Teja,57
1985,Harish Malhotra,40
1986,Tapan Ahuja,28
1987,Neeta Kumar,37
1988,Kiran Jain,36
1989,Vijay Das,53
1990,Meena Chatterjee,43
1991,Devendra Rao,27
1992,Monika Goyal,41
1993,Anand Joshi,30
1994,Anjali Kulkarni,51
1995,Reena Sharma,46
1996,Nikhil Solanki,53
1997,Kiran Siddiqui,24
1998,Priya Bhattacharya,47
1999,Aditya Rao,34
2000,Monika Patel,30
2001,Deepika Prasad,41
2002,Umesh Bhattacharya,48
2003,Arun Kumar,44
2004,Arun Goyal,38
2005,Lalita Bhatnagar,18
2006,Ramesh Srivastava,32
2007,Priya Roy,20
2008,Bhavana Rawat,23
2009,Devendra Arora,31
2010,Prashant Gupta,55
2011,Namita Sheth,50
2012,Kiran Prasad,55
2013,Reena Srivastava,25
2014,Rohan Goyal,43
2015,Sneha Deshmukh,32
2016,Radha Rao,31
2017,Vivek Luthra,37
2018,Shruti Chaudhary,36
2019,Meena Kumar,50
2020,Amit Srivastava,53
2021,Anjali Jain,41
2022,Pooja Sharma,27
2023,Aditya Rao,51
2024,Isha Desai,53
2025,Shruti Alva,53
2026,Krishna Goyal,33
2027,Lalita Bhatnagar,32
2028,Manoj Jain,35
2029,Pooja Ahuja,24
2030,Sumit Roy,39
2031,Prashant Gupta,49
2032,Gita Rathod,36
2033,Arun Prasad,57
2034,Manoj Chatterjee,18
2035,Rohan Gupta,52
2036,Kiran Chaudhary,22
2037,Kavita Siddiqui,29
2038,Deepika Dutta,29
2039,Radha Kulkarni,38
2040,Meena Mathur,36
2041,Rohan Menon,26
2042,Sneha Thakur,53
2043,Manoj Pathak,59
2044,Priyanka Teja,49
2045,Kiran Nair,52
2046,Rohan Kapoor,48
2047,Bina Das,49
2048,Yogesh Luthra,54
2049,Mala Goyal,49
2050,Sachin Shah,54
2051,Aditya Nair,56
2052,Neeta Sharma,55
2053,Ramesh Kumar,47
2054,Shruti Roy,49
2055,Neeta Mathur,19
2056,Yogesh Luthra,28
2057,Aditya Iyer,37
2058,Meena Thakur,54
2059,Tapan Joshi,26
2060,Jyoti Ghosh,55
2061,Anjali Varma,36
2062,Namita Kumar,57
2063,Krishna Pillai,24
2064,Shruti Alva,22
2065,Krishna Patel,59
2066,Anjali Sharma,41
2067,Meena Chatterjee,58
2068,Sachin Desai,24
2069,Meena Sheth,28
2070,Radha Solanki,26
2071,Kiran Chaudhary,47
2072,Anita Varma,58
2073,Kavita Goyal,20
2074,Nikhil Solanki,39
2075,Amit Srivastava,57
2076,Anita Kumar,37
2077,Umesh Chaudhary,49
2078,Manoj Kapoor,24
2079,Neeta Nair,24
2080,Mala Ghosh,37
2081,Anjali Das,42
2082,Reena Goyal,52
2083,Prashant Mathur,41
2084,Tapan Patel,57
2085,Vinod Kaur,30
2086,Meena Das,56
2087,Devendra Arora,21
2088,Sachin Nambiar,29
2089,Aditya Joshi,34
2090,Tapan Varma,18
2091,Sunita Arora,34
2092,Lata Dutta,19
2093,Aditya Patel,23
2094,Isha Thakur,28
2095,Manoj Shah,35
2096,Pooja Deshmukh,57
2097,Tanuja Roy,42
2098,Lata Kaur,56
2099,Mala Malhotra,45
2100,Priyanka Nambiar,33
2101,Sneha Menon,29
2102,Rajesh Shah,58
2103,Navin Nair,46
2104,Shruti Mehta,40
2105,Sachin Arora,38
2106,Lata Alva,33
2107,Namita Roy,58
2108,Vinod Chatterjee,43
2109,Shruti Roy,54
2110,Neeta Nair,39
2111,Bhavana Teja,27
2112,Sunil Varma,24
2113,Aditya Rao,26
2114,Pooja Rao,42
2115,Neeta Desai,32
2116,Deepika Deshmukh,30
2117,Tanuja Mathur,59
2118,Tanuja Mathur,43
2119,Lata Mehta,38
2120,Nikhil Jain,40
2121,Priyanka Ghosh,45
2122,Anita Joshi,55
2123,Navin Gupta,29
2124,Tapan Rathod,41
2125,Sachin Goyal,30
2126,Gita Teja,57
2127,Anjali Pathak,19
2128,Devendra Pathak,56
2129,Anand Joshi,29
2130,Pankaj Mathur,56
2131,Monika Thakur,31
2132,Bina Goyal,47
2133,Vivek Bhattacharya,58
2134,Priya Sharma,36
2135,Namita Mehta,48
2136,Kiran Srivastava,42
2137,Sunita Iyer,21
2138,Anita Srivastava,30
2139,Isha Luthra,53
2140,Harish Thakur,59
2141,Arun Desai,54
2142,Priyanka Mishra,20
2143,Rajesh Verma,33
2144,Sachin Goyal,43
2145,Monika Mehta,57
2146,Rajesh Menon,56
2147,Mala Thakur,36
2148,Rohan Singh,32
2149,Tapan Varma,49
2150,Vivek Jain,38
2151,Pankaj Kapoor,18
2152,Aditya Luthra,23
2153,Anita Bhattacharya,44
2154,Anand Joshi,40
2155,Rajesh Prasad,48
2156,Ramesh Sharma,29
2157,Bina Patel,38
2158,Arun Iyer,19
2159,Aditya Jain,22
2160,Deepika Prasad,26
2161,Priya Varma,37
2162,Ravi Kaur,35
2163,Amit Ghosh,39
2164,Vijay Malhotra,25
2165,Pankaj Desai,51
2166,Isha Thakur,26
2167,Tapan Nair,24
2168,Tapan Rathod,47
2169,Vijay Varma,35
2170,Rajesh Sheth,44
2171,Arun Verma,33
2172,Krishna Sharma,38
2173,Devendra Luthra,22
2174,Priya Varma,46
2175,Bina Jain,54
2176,Krishna Joshi,39
2177,Deepika Prasad,31
2178,Deepika Alva,36
2179,Meena Pillai,52
2180,Vinod Prasad,41
2181,Pooja Goyal,59
2182,Pooja Joshi,23
2183,Yogesh Menon,20
2184,Amit Ahuja,51
2185,Rajesh Chaudhary,19
2186,Bhavana Rawat,32
2187,Anita Joshi,54
2188,Prashant Dutta,32
2189,Vivek Pathak,49
2190,Kiran Patel,38
2191,Sumit Chatterjee,34
2192,Pooja Arora,51
2193,Arun Ghosh,49
2194,Deepika Prasad,40
2195,Devendra Thakur,52
2196,Pankaj Shah,54
2197,Mala Goyal,58
2198,Manoj Luthra,54
2199,Pooja Sharma,50
2200,Ravi Solanki,42
2201,Rajesh Mishra,54
2202,Amit Das,57
2203,Anand Siddiqui,38
2204,Bina Solanki,55
2205,Kavita Nair,57
2206,Isha Desai,51
2207,Anjali Alva,36
2208,Vivek Patel,44
2209,Mala Siddiqui,26
2210,Priyanka Pillai,22
2211,Mala Chatterjee,22
2212,Bhavana Mishra,42
2213,Sunil Kumar,43
2214,Anjali Rao,36
2215,Sumit Teja,47
2216,Shruti Mehta,53
2217,Sachin Iyer,33
2218,Pooja Thakur,24
2219,Ravi Gupta,35
2220,Sumit Malhotra,38
2221,Priyanka Dutta,48
2222,Amit Sheth,18
2223,Anita Mathur,20
2224,Isha Menon,48
2225,Neeta Mathur,42
2226,Lata Verma,25
2227,Rajesh Yadav,18
2228,Kiran Gupta,24
2229,Vijay Siddiqui,24
2230,Reena Dutta,25
2231,Pooja Ahuja,36
2232,Neeta Desai,34
2233,Rohan Pathak,28
2234,Deepika Das,58
2235,Sanjay Das,28
2236,Manoj Siddiqui,55
2237,Pooja Patel,58
2238,Namita Malhotra,19
2239,Pankaj Patel,21
2240,Prashant Roy,45
2241,Radha Alva,50
2242,Sunil Reddy,28
2243,Umesh Kulkarni,20
2244,Sunita Mehta,57
2245,Pooja Thakur,22
2246,Amit Joshi,38
2247,Sneha Ghosh,39
2248,Ravi Siddiqui,54
2249,Amit Ghosh,28
2250,Bhavana Srivastava,39
2251,Harish Solanki,58
2252,Umesh Ghosh,30
2253,Mala Chatterjee,20
2254,Anjali Varma,30
2255,Navin Verma,45
2256,Amit Srivastava,28
2257,Neeta Sharma,28
2258,Pankaj Sheth,38
2259,Kiran Deshmukh,38
2260,Kavita Gupta,24
2261,Jyoti Mehta,34
2262,Sumit Roy,31
2263,Kiran Singh,50
2264,Bhavana Sheth,28
2265,Meena Dutta,30
2266,Aditya Nair,18
2267,Nikhil Ahuja,51
2268,Monika Kumar,26
2269,Isha Kaur,30
2270,Priyanka Mishra,54
2271,Sunil Jain,47
2272,Arun Iyer,58
2273,Manoj Kapoor,54
2274,Anita Shah,24
2275,Arun Siddiqui,31
2276,Arun Yadav,23
2277,Prashant Arora,51
2278,Sanjay Das,33
2279,Pankaj Nambiar,54
2280,Jyoti Ahuja,53
2281,Monika Bhatnagar,23
2282,Tanuja Rao,25
2283,Kunal Malhotra,41
2284,Rohan Jain,20
2285,Mala Verma,21
2286,Prashant Mathur,49
2287,Pankaj Kapoor,18
2288,Isha Singh,51
2289,Pooja Pathak,26
2290,Namita Deshmukh,29
2291,Deepika Solanki,27
2292,Sneha Patel,27
2293,Vivek Mehta,40
2294,Kiran Alva,23
2295,Anita Pillai,41
2296,Krishna Menon,41
2297,Manoj Nambiar,38
2298,Shruti Sharma,59
2299,Krishna Rao,48
2300,Anjali Jain,58
2301,Lata Kumar,47
2302,Kavita Teja,51
2303,Kiran Solanki,35
2304,Isha Ghosh,29
2305,Nikhil Luthra,52
2306,Lata Verma,24
2307,Kiran Ghosh,58
2308,Umesh Patel,57
2309,Arun Deshmukh,42
2310,Lalita Rao,23
2311,Shruti Roy,18
2312,Bhavana Reddy,33
2313,Deepika Dutta,21
2314,Vijay Das,46
2315,Ravi Prasad,55
2316,Namita Rao,45
2317,Ayesha Menon,39
2318,Umesh Srivastava,25
2319,Ravi Kumar,49
2320,Krishna Nambiar,50
2321,Monika Rawat,30
2322,Anand Kapoor,44
2323,Anita Dutta,35
2324,Mala Mathur,35
2325,Rajesh Shah,30
2326,Rajesh Yadav,39
2327,Kavita Goyal,31
2328,Priya Reddy,28
2329,Ravi Gupta,56
2330,Sunil Gupta,39
2331,Prashant Das,53
2332,Nikhil Patel,34
2333,Priya Prasad,49
2334,Sachin Joshi,31
2335,Priya Dutta,59
2336,Monika Bhatnagar,46
2337,Ravi Thakur,23
2338,Krishna Rao,21
2339,Ramesh Jain,28
2340,Kiran Siddiqui,57
2341,Tapan Chatterjee,27
2342,Amit Joshi,45
2343,Tapan Mishra,28
2344,Reena Goyal,52
2345,Kunal Shah,32
2346,Krishna Goyal,25
2347,Anand Joshi,37
2348,Amit Ghosh,38
2349,Bhavana Bhatnagar,18
2350,Krishna Rawat,46
2351,Nikhil Yadav,41
2352,Ravi Prasad,47
2353,Anita Srivastava,57
2354,Monika Nambiar,52
2355,Monika Solanki,50
2356,Sunita Sharma,37
2357,Anjali Desai,33
2358,Ayesha Dutta,26
2359,Manoj Thakur,48
2360,Monika Goyal,34
2361,Priyanka Ghosh,48
2362,Pankaj Mehta,40
2363,Tanuja Dutta,23
2364,Kiran Pathak,47
2365,Priya Varma,24
2366,Arun Sheth,57
2367,Vinod Joshi,59
2368,Vivek Mehta,28
2369,Sanjay Jain,51
2370,Kiran Chaudhary,29
2371,Jyoti Rawat,44
2372,Monika Rawat,29
2373,Bina Solanki,30
2374,Lalita Patel,25
2375,Krishna Nambiar,33
2376,Nikhil Reddy,46
2377,Harish Kaur,52
2378,Meena Desai,46
2379,Aditya Prasad,48
2380,Pooja Srivastava,30
2381,Amit Srivastava,29
2382,Meena Roy,19
2383,Amit Rathod,50
2384,Devendra Menon,25
2385,Sunita Thakur,58
2386,Sneha Prasad,57
2387,Ramesh Solanki,58
2388,Anjali Desai,49
2389,Namita Siddiqui,55
2390,Ravi Kumar,45
2391,Kavita Kumar,32
2392,Vinod Dutta,40
2393,Namita Goyal,41
2394,Kiran Rathod,30
2395,Priyanka Teja,38
2396,Sunil Menon,29
2397,Neeta Deshmukh,30
2398,Krishna Goyal,56
2399,Anjali Roy,40
2400,Lata Reddy,45
2401,Lata Chatterjee,31
2402,Shruti Shah,34
2403,Kiran Joshi,41
2404,Priya Prasad,51
2405,Bina Joshi,39
2406,Rajesh Mishra,27
2407,Namita Das,25
2408,Sachin Kaur,38
2409,Devendra Singh,54
2410,Deepika Iyer,24
2411,Pankaj Pathak,43
2412,Sunil Siddiqui,30
2413,Namita Roy,33
2414,Navin Chaudhary,47
2415,Sunita Iyer,48
2416,Kavita Mehta,22
2417,Harish Goyal,49
2418,Sachin Shah,33
2419,Sumit Nambiar,26
2420,Amit Patel,39
2421,Vijay Bhattacharya,57
2422,Monika Deshmukh,54
2423,Vinod Kaur,31
2424,Namita Varma,33
2425,Pankaj Shah,37
2426,Lalita Rao,32
2427,Jyoti Alva,43
2428,Jyoti Pillai,26
2429,Sneha Ghosh,18
2430,Ayesha Bhattacharya,52
2431,Pankaj Bhattacharya,37
2432,Sanjay Mehta,23
2433,Lalita Rao,59
2434,Devendra Varma,27
2435,Shruti Shah,50
2436,Tapan Varma,33
2437,Manoj Iyer,53
2438,Kavita Desai,23
2439,Meena Srivastava,36
2440,Jyoti Bhattacharya,48
2441,Amit Sheth,19
2442,Prashant Rathod,35
2443,Anjali Rao,59
2444,Prashant Rathod,45
2445,Lata Rawat,21
2446,Lata Dutta,18
2447,Arun Kumar,59
2448,Sumit Joshi,33
2449,Namita Sheth,19
2450,Isha Dutta,53
2451,Vinod Nair,18
2452,Namita Kapoor,56
2453,Kavita Kaur,40
2454,Ramesh Joshi,43
2455,Reena Bhattacharya,28
2456,Shruti Shah,59
2457,Lalita Thakur,18
2458,Sachin Shah,28
2459,Pooja Kaur,41
2460,Bhavana Yadav,27
2461,Gita Rathod,31
2462,Kiran Pathak,31
2463,Sanjay Malhotra,24
2464,Sachin Goyal,40
2465,Deepika Malhotra,39
2466,Sunil Rao,53
2467,Isha Luthra,44
2468,Umesh Chaudhary,19
2469,Vinod Kaur,56
2470,Sumit Solanki,36
2471,Radha Kumar,24
2472,Nikhil Deshmukh,29
2473,Gita Mehta,20
2474,Jyoti Kumar,22
2475,Lata Kaur,25
2476,Isha Yadav,31
2477,Namita Srivastava,53
2478,Isha Menon,24
2479,Sumit Alva,24
2480,Lata Bhattacharya,49
2481,Shruti Chaudhary,25
2482,Rohan Mishra,29
2483,Radha Kulkarni,27
2484,Amit Sheth,31
2485,Vijay Mishra,26
2486,Pankaj Nambiar,55
2487,Jyoti Jain,47
2488,Krishna Mehta,22
2489,Lalita Thakur,18
2490,Anita Shah,18
2491,Anjali Roy,37
2492,Jyoti Reddy,28
2493,Tanuja Goyal,43
2494,Anand Kapoor,20
2495,Umesh Ghosh,23
2496,Meena Menon,28
2497,Ayesha Solanki,25
2498,Sachin Kulkarni,46
2499,Vivek Srivastava,27
2500,Sanjay Jain,51
2501,Anjali Thakur,41
2502,Bina Roy,34
2503,Sachin Malhotra,49
2504,Prashant Deshmukh,28
2505,Deepika Deshmukh,51
2506,Ravi Prasad,41
2507,Sachin Malhotra,22
2508,Vinod Goyal,46
2509,Arun Kaur,51
2510,Priya Siddiqui,33
2511,Neeta Singh,42
2512,Isha Menon,54
2513,Sachin Ghosh,25
2514,Rohan Mishra,46
2515,Ravi Patel,42
2516,Ayesha Ghosh,59
2517,Isha Nair,40
2518,Lalita Ahuja,51
2519,Anita Dutta,20
2520,Deepika Reddy,47
2521,Ramesh Das,51
2522,Ramesh Mishra,49
2523,Nikhil Yadav,46
2524,Lalita Luthra,26
2525,Mala Pillai,19
2526,Jyoti Ahuja,56
2527,Ravi Malhotra,24
2528,Pankaj Teja,22
2529,Nikhil Rathod,25
2530,Neeta Singh,49
2531,Yogesh Ahuja,35
2532,Pooja Menon,55
2533,Radha Sheth,35
2534,Tapan Bhattacharya,58
2535,Pooja Deshmukh,33
2536,Namita Rao,38
2537,Kavita Kaur,27
2538,Neeta Pillai,59
2539,Namita Rao,21
2540,Yogesh Dutta,25
2541,Aditya Siddiqui,36
2542,Isha Thakur,57
2543,Ravi Kumar,57
2544,Shruti Menon,26
2545,Harish Sharma,47
2546,Isha Reddy,34
2547,Mala Srivastava,57
2548,Arun Shah,32
2549,Navin Malhotra,21
2550,Meena Patel,23
2551,Vijay Solanki,33
2552,Sanjay Malhotra,43
2553,Pooja Dutta,54
2554,Anand Arora,40
2555,Priyanka Alva,30
2556,Sumit Rathod,34
2557,Rajesh Kulkarni,44
2558,Harish Solanki,39
2559,Sachin Prasad,54
2560,Sneha Ghosh,36
2561,Rajesh Kaur,56
2562,Ravi Reddy,52
2563,Manoj Patel,30
2564,Deepika Kulkarni,31
2565,Ravi Prasad,48
2566,Reena Dutta,19
2567,Vinod Prasad,56
2568,Pankaj Nambiar,54
2569,Vivek Siddiqui,31
2570,Neeta Ahuja,26
2571,Gita Dutta,27
2572,Bhavana Ghosh,24
2573,Monika Goyal,45
2574,Anand Kapoor,42
2575,Sunil Rawat,45
2576,Sunil Arora,19
2577,Sanjay Sheth,34
2578,Pooja Goyal,21
2579,Rohan Goyal,30
2580,Anand Mishra,35
2581,Bina Deshmukh,20
2582,Radha Sheth,54
2583,Bhavana Malhotra,50
2584,Vijay Singh,58
2585,Radha Sharma,41
2586,Priyanka Yadav,25
2587,Shruti Joshi,52
2588,Manoj Chatterjee,19
2589,Arun Shah,50
2590,Radha Kumar,29
2591,Yogesh Malhotra,39
2592,Mala Malhotra,30
2593,Priya Roy,27
2594,Pooja Roy,34
2595,Meena Srivastava,22
2596,Umesh Teja,26
2597,Amit Patel,30
2598,Lalita Nambiar,40
2599,Kiran Siddiqui,47
2600,Krishna Jain,21
2601,Kunal Singh,38
2602,Priyanka Roy,26
2603,Meena Mathur,24
2604,Kiran Siddiqui,33
2605,Meena Malhotra,40
2606,Krishna Bhatnagar,40
2607,Prashant Sharma,48
2608,Manoj Nambiar,22
2609,Sumit Alva,23
2610,Sunita Nair,18
2611,Bhavana Dutta,45
2612,Bhavana Reddy,35
2613,Umesh Bhattacharya,41
2614,Manoj Dutta,30
2615,Yogesh Dutta,50
2616,Vivek Rathod,27
2617,Sachin Malhotra,24
2618,Tapan Kumar,54
2619,Yogesh Menon,49
2620,Bina Teja,39
2621,Reena Menon,33
2622,Aditya Sheth,41
2623,Anjali Das,31
2624,Rohan Rao,28
2625,Tapan Deshmukh,36
2626,Rajesh Prasad,40
2627,Anand Nair,51
2628,Umesh Srivastava,57
2629,Manoj Dutta,30
2630,Krishna Roy,56
2631,Jyoti Jain,45
2632,Priya Roy,57
2633,Lata Patel,33
2634,Pooja Ahuja,45
2635,Namita Rao,21
2636,Kiran Alva,45
2637,Monika Solanki,29
2638,Neeta Solanki,33
2639,Anita Arora,53
2640,Ayesha Menon,37
2641,Vijay Malhotra,43
2642,Sunil Siddiqui,43
2643,Radha Dutta,39
2644,Radha Varma,26
2645,Reena Deshmukh,22
2646,Vinod Chatterjee,34
2647,Ramesh Joshi,51
2648,Vinod Srivastava,19
2649,Meena Das,24
2650,Lalita Desai,53
2651,Rajesh Nambiar,30
2652,Meena Yadav,37
2653,Ravi Patel,47
2654,Lalita Dutta,47
2655,Ravi Prasad,28
2656,Shruti Menon,48
2657,Sneha Malhotra,20
2658,Anand Pillai,19
2659,Prashant Gupta,20
2660,Kavita Iyer,32
2661,Pankaj Jain,34
2662,Priya Mehta,24
2663,Tanuja Ahuja,22
2664,Kiran Mathur,51
2665,Harish Patel,50
2666,Krishna Nambiar,33
2667,Anjali Varma,54
2668,Shruti Ahuja,20
2669,Anand Siddiqui,38
2670,Sanjay Jain,58
2671,Pankaj Gupta,25
2672,Vijay Rawat,39
2673,Sachin Varma,22
2674,Sunil Reddy,34
2675,Prashant Deshmukh,54
2676,Reena Goyal,31
2677,Manoj Dutta,56
2678,Rajesh Desai,58
2679,Namita Malhotra,45
2680,Lata Joshi,48
2681,Anita Menon,34
2682,Neeta Mishra,52
2683,Bina Nair,57
2684,Bhavana Desai,39
2685,Krishna Ahuja,46
2686,Vinod Nambiar,27
2687,Anjali Varma,35
2688,Shruti Joshi,52
2689,Prashant Arora,33
2690,Deepika Gupta,24
2691,Shruti Joshi,47
2692,Vinod Nambiar,36
2693,Sneha Jain,40
2694,Lata Joshi,25
2695,Reena Chatterjee,34
2696,Lalita Siddiqui,38
2697,Meena Thakur,43
2698,Pankaj Deshmukh,45
2699,Krishna Reddy,56
2700,Kavita Desai,50
2701,Bhavana Mathur,57
2702,Anand Joshi,36
2703,Gita Mehta,46
2704,Krishna Sharma,37
2705,Priya Kaur,37
2706,Shruti Deshmukh,27
2707,Deepika Das,29
2708,Navin Kaur,50
2709,Pooja Rao,42
2710,Lata Mathur,42
2711,Deepika Gupta,21
2712,Priya Roy,21
2713,Ayesha Arora,26
2714,Bina Mathur,32
2715,Anita Bhattacharya,43
2716,Amit Teja,32
2717,Sumit Verma,43
2718,Priyanka Menon,45
2719,Kiran Mishra,24
2720,Priyanka Mishra,49
2721,Namita Deshmukh,29
2722,Priya Prasad,52
2723,Anita Shah,49
2724,Sunil Patel,26
2725,Jyoti Reddy,31
2726,Vinod Kaur,30
2727,Sachin Jain,50
2728,Kiran Nair,49
2729,Vijay Chatterjee,36
2730,Vinod Srivastava,47
2731,Anita Dutta,33
2732,Navin Gupta,29
2733,Vivek Bhatnagar,27
2734,Sanjay Roy,19
2735,Aditya Mishra,35
2736,Deepika Pathak,30
2737,Umesh Nair,46
2738,Mala Roy,41
2739,Rohan Deshmukh,55
2740,Pankaj Singh,29
2741,Prashant Chatterjee,46
2742,Rohan Nambiar,39
2743,Sanjay Joshi,53
2744,Radha Kulkarni,18
2745,Devendra Jain,57
2746,Rajesh Verma,51
2747,Manoj Sharma,51
2748,Rajesh Shah,50
2749,Aditya Singh,21
2750,Tanuja Roy,55
2751,Prashant Mishra,47
2752,Nikhil Ahuja,37
2753,Sneha Rao,43
2754,Bina Kumar,32
2755,Vinod Sharma,24
2756,Priyanka Mishra,24
2757,Neeta Nair,46
2758,Neeta Prasad,40
2759,Sneha Jain,51
2760,Prashant Gupta,37
2761,Anjali Das,32
2762,Anjali Desai,50
2763,Priyanka Nambiar,34
2764,Anjali Kulkarni,37
2765,Ravi Kaur,30
2766,Ravi Thakur,41
2767,Kavita Teja,54
2768,Jyoti Bhattacharya,24
2769,Vinod Nair,25
2770,Rajesh Singh,40
2771,Lata Verma,31
2772,Priya Teja,21
2773,Pooja Srivastava,38
2774,Kiran Alva,27
2775,Kunal Malhotra,39
2776,Rajesh Desai,47
2777,Yogesh Menon,47
2778,Vijay Rawat,33
2779,Sumit Verma,28
2780,Ayesha Patel,39
2781,Namita Desai,46
2782,Bina Kumar,42
2783,Vijay Mishra,31
2784,Sumit Arora,31
2785,Meena Thakur,19
2786,Umesh Kumar,30
2787,Monika Kumar,20
2788,Vivek Yadav,47
2789,Kavita Srivastava,35
2790,Anand Pillai,53
2791,Anita Arora,38
2792,Aditya Prasad,36
2793,Yogesh Menon,33
2794,Sunita Mathur,45
2795,Vinod Srivastava,21
2796,Bhavana Malhotra,32
2797,Lalita Patel,18
2798,Anita Prasad,33
2799,Ayesha Ahuja,37
2800,Vijay Rawat,50
2801,Anita Sharma,34
2802,Sumit Malhotra,22
2803,Lata Mehta,22
2804,Reena Kulkarni,56
2805,Amit Goyal,30
2806,Kavita Rawat,53
2807,Bina Rawat,47
2808,Sunita Iyer,21
2809,Sumit Teja,40
2810,Monika Solanki,38
2811,Jyoti Pillai,38
2812,Vinod Nair,23
2813,Sanjay Ghosh,41
2814,Vijay Mishra,48
2815,Krishna Sharma,36
2816,Lata Reddy,55
2817,Prashant Luthra,29
2818,Rajesh Mathur,31
2819,Vinod Arora,29
2820,Umesh Kaur,32
2821,Radha Sharma,36
2822,Harish Patel,45
2823,Manoj Patel,57
2824,Harish Mehta,58
2825,Bhavana Varma,22
2826,Ravi Teja,22
2827,Anjali Desai,23
2828,Harish Mishra,40
2829,Meena Kumar,20
2830,Anita Mathur,54
2831,Harish Kaur,50
2832,Krishna Sharma,38
2833,Anand Reddy,37
2834,Mala Chatterjee,18
2835,Priya Varma,56
2836,Ramesh Dutta,34
2837,Jyoti Bhattacharya,46
2838,Reena Menon,25
2839,Amit Teja,43
2840,Kiran Joshi,45
2841,Ayesha Sheth,51
2842,Neeta Desai,43
2843,Vijay Prasad,30
2844,Priyanka Yadav,54
2845,Radha Solanki,30
2846,Priya Prasad,55
2847,Radha Nair,42
2848,Navin Solanki,40
2849,Ravi Sharma,39
2850,Priyanka Sharma,38
2851,Sunil Kapoor,47
2852,Namita Desai,28
2853,Namita Teja,21
2854,Yogesh Menon,50
2855,Gita Rao,29
2856,Sanjay Jain,26
2857,Monika Chatterjee,49
2858,Umesh Nair,28
2859,Kavita Desai,54
2860,Arun Jain,41
2861,Radha Mathur,24
2862,Kiran Prasad,25
2863,Prashant Gupta,50
2864,Aditya Luthra,42
2865,Vivek Mathur,18
2866,Ramesh Mishra,20
2867,Anand Arora,57
2868,Manoj Mehta,45
2869,Krishna Iyer,50
2870,Kiran Prasad,18
2871,Bina Das,55
2872,Shruti Alva,44
2873,Kavita Rawat,55
2874,Vijay Singh,52
2875,Reena Sheth,27
2876,Vinod Pathak,29
2877,Ayesha Singh,27
2878,Rohan Prasad,51
2879,Umesh Kaur,41
2880,Sunil Malhotra,45
2881,Yogesh Kaur,39
2882,Yogesh Dutta,33
2883,Arun Ghosh,30
2884,Nikhil Rathod,53
2885,Sumit Sheth,53
2886,Tapan Ahuja,40
2887,Sumit Chatterjee,31
2888,Priya Varma,49
2889,Anita Mathur,20
2890,Harish Pillai,44
2891,Shruti Iyer,36
2892,Rajesh Kapoor,39
2893,Bina Teja,18
2894,Lata Rawat,22
2895,Deepika Pathak,50
2896,Monika Patel,36
2897,Monika Goyal,53
2898,Lalita Verma,23
2899,Arun Shah,32
2900,Jyoti Menon,53
2901,Kavita Singh,50
2902,Sachin Jain,41
2903,Deepika Patel,44
2904,Krishna Alva,28
2905,Vivek Luthra,40
2906,Sanjay Sheth,50
2907,Ramesh Srivastava,58
2908,Vinod Nair,46
2909,Sneha Deshmukh,48
2910,Devendra Menon,18
2911,Anjali Jain,51
2912,Umesh Goyal,35
2913,Umesh Reddy,35
2914,Deepika Solanki,23
2915,Vivek Nair,57
2916,Anita Shah,18
2917,Sunita Singh,59
2918,Lalita Verma,47
2919,Monika Mathur,21
2920,Amit Prasad,49
2921,Tanuja Roy,27
2922,Mala Srivastava,22
2923,Sachin Kaur,26
2924,Gita Roy,22
2925,Pooja Deshmukh,28
2926,Sumit Siddiqui,52
2927,Rohan Pathak,44
2928,Vivek Teja,21
2929,Vivek Nair,27
2930,Radha Ghosh,56
2931,Vivek Mishra,50
2932,Vijay Rao,55
2933,Vivek Mehta,25
2934,Sunil Iyer,41
2935,Shruti Iyer,56
2936,Arun Jain,50
2937,Nikhil Solanki,58
2938,Reena Dutta,36
2939,Bhavana Dutta,19
2940,Ayesha Ahuja,28
2941,Sumit Sharma,52
2942,Gita Iyer,34
2943,Pankaj Arora,59
2944,Aditya Luthra,20
2945,Rohan Shah,39
2946,Anand Bhattacharya,52
2947,Sneha Sharma,38
2948,Neeta Yadav,42
2949,Priya Kaur,56
2950,Mala Teja,19
2951,Pooja Pathak,18
2952,Rajesh Mishra,24
2953,Neeta Arora,37
2954,Neeta Deshmukh,23
2955,Anita Sharma,53
2956,Sachin Joshi,38
2957,Tanuja Roy,52
2958,Kiran Alva,53
2959,Manoj Mehta,25
2960,Harish Prasad,21
2961,Krishna Patel,33
2962,Meena Chatterjee,20
2963,Shruti Ahuja,24
2964,Gita Kulkarni,19
2965,Gita Mehta,18
2966,Bina Joshi,18
2967,Tapan Rathod,55
2968,Deepika Kulkarni,24
2969,Namita Bhatnagar,41
2970,Pooja Pillai,22
2971,Pankaj Mathur,38
2972,Shruti Iyer,45
2973,Nikhil Arora,35
2974,Monika Mathur,41
2975,Bhavana Rawat,49
2976,Aditya Roy,50
2977,Neeta Mathur,27
2978,Kiran Siddiqui,26
2979,Reena Chatterjee,50
2980,Pooja Rao,50
2981,Meena Dutta,24
2982,Sunita Ahuja,21
2983,Rohan Shah,45
2984,Lalita Dutta,40
2985,Yogesh Menon,49
2986,Pankaj Roy,33
2987,Vijay Das,27
2988,Reena Kulkarni,31
2989,Yogesh Luthra,56
2990,Navin Verma,53
2991,Pooja Patel,51
2992,Pooja Deshmukh,41
2993,Kavita Bhatnagar,35
2994,Vivek Nair,33
2995,Sunil Dutta,58
2996,Manoj Gupta,54
2997,Pooja Roy,58
2998,Vinod Kaur,42
2999,Yogesh Luthra,25
3000,Isha Kaur,41
3001,Krishna Pillai,37
3002,Ramesh Srivastava,47
3003,Kiran Joshi,37
3004,Arun Ghosh,35
3005,Anita Prasad,21
3006,Shruti Verma,53
3007,Pankaj Srivastava,23
3008,Meena Dutta,20
3009,Vinod Kumar,35
3010,Meena Malhotra,57
3011,Lalita Nambiar,35
3012,Manoj Nambiar,40
3013,Lalita Alva,52
3014,Tanuja Reddy,23
3015,Kiran Alva,43
3016,Rajesh Arora,38
3017,Kavita Solanki,41
3018,Anjali Nambiar,32
3019,Mala Ghosh,44
3020,Monika Chatterjee,49
3021,Ravi Ghosh,29
3022,Vijay Chatterjee,22
3023,Reena Sharma,24
3024,Navin Chaudhary,39
3025,Vivek Ghosh,44
3026,Gita Sheth,32
3027,Nikhil Reddy,56
3028,Ramesh Kumar,52
3029,Harish Prasad,43
3030,Vivek Nambiar,40
3031,Ravi Malhotra,30
3032,Vijay Chatterjee,43
3033,Navin Sharma,20
3034,Ravi Ghosh,46
3035,Aditya Kulkarni,19
3036,Arun Desai,45
3037,Isha Desai,40
3038,Navin Malhotra,53
3039,Kunal Singh,23
3040,Aditya Jain,28
3041,Shruti Pathak,55
3042,Sunita Iyer,51
3043,Nikhil Ahuja,34
3044,Pankaj Verma,20
3045,Sneha Thakur,51
3046,Krishna Ahuja,39
3047,Rajesh Kulkarni,46
3048,Shruti Shah,46
3049,Sachin Sheth,22
3050,Anita Dutta,27
3051,Pooja Deshmukh,27
3052,Pankaj Mathur,26
3053,Meena Patel,38
3054,Devendra Varma,30
3055,Arun Mathur,27
3056,Manoj Kaur,55
3057,Vinod Malhotra,28
3058,Neeta Patel,21
3059,Anita Dutta,48
3060,Krishna Reddy,51
3061,Pankaj Jain,59
3062,Bhavana Kapoor,52
3063,Pankaj Patel,56
3064,Tanuja Srivastava,56
3065,Prashant Luthra,50
3066,Jyoti Alva,25
3067,Harish Kapoor,49
3068,Sumit Dutta,50
3069,Sachin Rawat,25
3070,Reena Goyal,31
3071,Kiran Ghosh,51
3072,Gita Mehta,25
3073,Rajesh Pathak,59
3074,Priyanka Sharma,24
3075,Sumit Siddiqui,30
3076,Priyanka Pathak,38
3077,Bhavana Kapoor,49
3078,Harish Kapoor,28
3079,Ayesha Rathod,31
3080,Sunil Menon,28
3081,Aditya Patel,19
3082,Aditya Jain,51
3083,Prashant Arora,34
3084,Mala Das,31
3085,Neeta Patel,42
3086,Vijay Sheth,44
3087,Isha Ghosh,25
3088,Ayesha Thakur,34
3089,Prashant Gupta,22
3090,Pooja Chatterjee,29
3091,Meena Prasad,55
3092,Bhavana Siddiqui,35
3093,Vivek Alva,43
3094,Kavita Desai,48
3095,Anjali Jain,54
3096,Arun Luthra,23
3097,Meena Malhotra,58
3098,Anita Ghosh,32
3099,Priya Roy,59
3100,Nikhil Pathak,43
3101,Ayesha Dutta,29
3102,Bhavana Mathur,58
3103,Sumit Goyal,31
3104,Manoj Shah,18
3105,Shruti Menon,34
3106,Amit Prasad,50
3107,Vivek Deshmukh,46
3108,Aditya Luthra,48
3109,Amit Teja,25
3110,Mala Malhotra,47
3111,Pankaj Bhattacharya,30
3112,Devendra Mathur,33
3113,Harish Kaur,19
3114,Pankaj Varma,35
3115,Anita Mathur,52
3116,Priyanka Dutta,36
3117,Priyanka Teja,30
3118,Nikhil Menon,21
3119,Kavita Teja,36
3120,Rohan Dutta,42
3121,Namita Reddy,55
3122,Monika Nambiar,48
3123,Ravi Dutta,53
3124,Anita Pillai,21
3125,Priya Thakur,56
3126,Harish Mishra,24
3127,Bhavana Luthra,33
3128,Monika Ahuja,22
3129,Vijay Rawat,40
3130,Arun Gupta,53
3131,Radha Sheth,49
3132,Nikhil Arora,41
3133,Meena Prasad,42
3134,Umesh Nair,45
3135,Harish Mehta,36
3136,Sunita Singh,24
3137,Nikhil Luthra,58
3138,Priyanka Patel,34
3139,Shruti Sharma,19
3140,Priyanka Pillai,33
3141,Ravi Sharma,56
3142,Reena Dutta,35
3143,Arun Deshmukh,56
3144,Harish Solanki,18
3145,Harish Teja,20
3146,Tapan Kulkarni,38
3147,Rajesh Mathur,47
3148,Monika Rawat,28
3149,Sunita Teja,39
3150,Monika Rathod,42
3151,Lalita Ahuja,20
3152,Yogesh Malhotra,47
3153,Aditya Jain,41
3154,Deepika Desai,53
3155,Devendra Arora,40
3156,Devendra Rao,25
3157,Arun Dutta,21
3158,Bhavana Siddiqui,56
3159,Aditya Patel,48
3160,Monika Rathod,46
3161,Nikhil Bhatnagar,53
3162,Sneha Kaur,30
3163,Umesh Dutta,58
3164,Arun Iyer,26
3165,Anand Chatterjee,38
3166,Kiran Solanki,20
3167,Ramesh Chatterjee,42
3168,Lalita Desai,42
3169,Kiran Malhotra,29
3170,Bhavana Rawat,46
3171,Nikhil Bhattacharya,28
3172,Pooja Sharma,28
3173,Manoj Jain,43
3174,Aditya Nair,31
3175,Jyoti Ghosh,33
3176,Namita Mehta,27
3177,Reena Deshmukh,48
3178,Tanuja Dutta,48
3179,Neeta Patel,53
3180,Mala Kulkarni,27
3181,Vinod Dutta,43
3182,Umesh Patel,37
3183,Pooja Menon,26
3184,Sumit Goyal,32
3185,Nikhil Menon,26
3186,Sumit Goyal,24
3187,Aditya Alva,43
3188,Bhavana Malhotra,41
3189,Kavita Kapoor,29
3190,Arun Kaur,37
3191,Pooja Goyal,31
3192,Anita Varma,39
3193,Shruti Thakur,33
3194,Lalita Desai,46
3195,Sunil Kumar,49
3196,Navin Mathur,36
3197,Ramesh Solanki,52
3198,Vivek Luthra,49
3199,Navin Pathak,37
3200,Rajesh Siddiqui,57
3201,Rajesh Kulkarni,37
3202,Pankaj Jain,25
3203,Manoj Mehta,52
3204,Namita Roy,59
3205,Sumit Nambiar,30
3206,Radha Pathak,58
3207,Krishna Jain,23
3208,Sachin Sheth,33
3209,Sumit Malhotra,22
3210,Pankaj Sheth,51
3211,Deepika Desai,23
3212,Lata Chatterjee,50
3213,Meena Menon,32
3214,Prashant Verma,32
3215,Harish Kaur,31
3216,Nikhil Chaudhary,56
3217,Pankaj Roy,22
3218,Priyanka Jain,43
3219,Bina Das,34
3220,Aditya Rao,33
3221,Pooja Goyal,52
3222,Isha Singh,55
3223,Tapan Ahuja,40
3224,Ramesh Sharma,30
3225,Sunil Das,50
3226,Tanuja Malhotra,46
3227,Lalita Shah,51
3228,Pankaj Verma,51
3229,Mala Menon,44
3230,Priyanka Sharma,32
3231,Deepika Gupta,26
3232,Radha Mathur,43
3233,Lalita Rathod,20
3234,Prashant Mishra,53
3235,Ravi Teja,22
3236,Ravi Teja,37
3237,Kavita Singh,37
3238,Vinod Kulkarni,22
3239,Ayesha Ahuja,27
3240,Jyoti Kumar,33
3241,Manoj Dutta,42
3242,Namita Gupta,42
3243,Nikhil Solanki,47
3244,Pooja Solanki,31
3245,Sumit Sheth,39
3246,Krishna Bhattacharya,45
3247,Ayesha Bhattacharya,47
3248,Vivek Mishra,36
3249,Priya Ahuja,55
3250,Vijay Rao,59
3251,Priya Ahuja,37
3252,Lata Rawat,52
3253,Prashant Verma,39
3254,Sunil Kapoor,32
3255,Bhavana Varma,28
3256,Ramesh Nambiar,51
3257,Gita Dutta,41
3258,Isha Gupta,23
3259,Kiran Gupta,34
3260,Manoj Siddiqui,45
3261,Mala Pathak,48
3262,Mala Roy,53
3263,Nikhil Menon,26
3264,Meena Mathur,27
3265,Kiran Singh,38
3266,Priyanka Menon,51
3267,Nikhil Ahuja,48
3268,Ayesha Roy,46
3269,Sunil Dutta,28
3270,Priya Patel,50
3271,Anita Malhotra,18
3272,Anita Joshi,38
3273,Sunil Dutta,40
3274,Pankaj Pathak,26
3275,Manoj Jain,18
3276,Bhavana Rathod,38
3277,Rajesh Mishra,39
3278,Namita Mehta,21
3279,Neeta Mathur,18
3280,Rajesh Singh,27
3281,Sunita Das,32
3282,Krishna Reddy,53
3283,Vijay Siddiqui,46
3284,Sunita Teja,22
3285,Devendra Thakur,46
3286,Namita Siddiqui,44
3287,Kiran Mishra,42
3288,Aditya Singh,33
3289,Priyanka Joshi,33
3290,Pankaj Singh,53
3291,Sunita Prasad,42
3292,Radha Solanki,58
3293,Arun Shah,18
3294,Reena Bhatnagar,22
3295,Lata Chatterjee,58
3296,Rohan Sheth,37
3297,Kiran Pathak,22
3298,Amit Pillai,53
3299,Lalita Patel,46
3300,Sanjay Patel,51
3301,Pankaj Patel,35
3302,Anjali Nambiar,19
3303,Monika Sharma,33
3304,Meena Kaur,46
3305,Sachin Rao,50
3306,Sanjay Jain,33
3307,Vivek Sharma,52
3308,Anjali Thakur,59
3309,Bhavana Rawat,34
3310,Radha Sharma,21
3311,Yogesh Bhattacharya,21
3312,Tapan Siddiqui,42
3313,Manoj Ahuja,50
3314,Namita Goyal,31
3315,Harish Prasad,41
3316,Pankaj Pathak,28
3317,Aditya Roy,42
3318,Vijay Varma,45
3319,Arun Mehta,24
3320,Tapan Singh,53
3321,Sumit Sheth,27
3322,Anita Luthra,53
3323,Prashant Gupta,48
3324,Amit Ahuja,36
3325,Sanjay Mehta,35
3326,Yogesh Rao,23
3327,Tanuja Mathur,45
3328,Tapan Kumar,24
3329,Pankaj Sheth,55
3330,Umesh Reddy,29
3331,Radha Kumar,58
3332,Lata Rathod,51
3333,Isha Dutta,42
3334,Arun Mehta,34
3335,Manoj Kulkarni,50
3336,Krishna Iyer,40
3337,Sunil Reddy,26
3338,Neeta Mishra,23
3339,Radha Kumar,19
3340,Deepika Das,55
3341,Radha Sharma,26
3342,Harish Mishra,20
3343,Nikhil Kapoor,33
3344,Navin Pathak,42
3345,Ayesha Sheth,41
3346,Tanuja Malhotra,46
3347,Radha Kapoor,57
3348,Priyanka Patel,43
3349,Priyanka Dutta,55
3350,Umesh Patel,52
3351,Prashant Das,40
3352,Vinod Ahuja,21
3353,Anjali Nambiar,59
3354,Radha Pathak,31
3355,Ravi Reddy,56
3356,Ravi Jain,24
3357,Lalita Ahuja,25
3358,Priyanka Mishra,59
3359,Vinod Srivastava,36
3360,Anita Srivastava,19
3361,Neeta Ghosh,18
3362,Gita Bhattacharya,59
3363,Nikhil Bhattacharya,55
3364,Umesh Dutta,30
3365,Jyoti Menon,59
3366,Jyoti Mishra,41
3367,Krishna Iyer,49
3368,Tanuja Srivastava,47
3369,Tapan Rawat,23
3370,Aditya Sheth,55
3371,Yogesh Mishra,50
3372,Vivek Nair,40
3373,Namita Siddiqui,27
3374,Isha Sheth,32
3375,Prashant Nair,40
3376,Vivek Mehta,53
3377,Reena Chatterjee,18
3378,Deepika Gupta,25
3379,Rohan Roy,20
3380,Aditya Iyer,31
3381,Priya Teja,34
3382,Pooja Srivastava,51
3383,Priyanka Chatterjee,23
3384,Mala Srivastava,22
3385,Radha Gupta,58
3386,Priya Reddy,57
3387,Ayesha Rathod,46
3388,Nikhil Varma,52
3389,Vivek Rawat,35
3390,Ravi Prasad,57
3391,Neeta Sharma,47
3392,Sachin Shah,32
3393,Sanjay Jain,32
3394,Vivek Mathur,33
3395,Kavita Rawat,50
3396,Bina Kumar,27
3397,Amit Sheth,36
3398,Sachin Ghosh,54
3399,Monika Rawat,20
3400,Lalita Bhatnagar,53
3401,Namita Kumar,21
3402,Kavita Bhattacharya,28
3403,Mala Menon,58
3404,Devendra Arora,50
3405,Vijay Shah,45
3406,Prashant Nair,49
3407,Sunil Varma,33
3408,Nikhil Pathak,26
3409,Gita Iyer,28
3410,Jyoti Srivastava,23
3411,Shruti Bhatnagar,44
3412,Kiran Malhotra,29
3413,Isha Reddy,39
3414,Isha Sheth,57
3415,Meena Desai,54
3416,Lalita Rathod,38
3417,Sanjay Thakur,50
3418,Manoj Goyal,34
3419,Anita Deshmukh,46
3420,Anand Nair,57
3421,Sumit Goyal,27
3422,Anjali Srivastava,35
3423,Prashant Jain,30
3424,Kavita Rawat,44
3425,Anita Sharma,27
3426,Jyoti Ghosh,49
3427,Yogesh Menon,58
3428,Neeta Arora,20
3429,Isha Thakur,39
3430,Navin Pathak,44
3431,Sanjay Das,20
3432,Kavita Goyal,50
3433,Shruti Pathak,19
3434,Kavita Kaur,28
3435,Rajesh Singh,27
3436,Devendra Singh,56
3437,Sneha Yadav,50
3438,Mala Das,24
3439,Bina Teja,32
3440,Pankaj Mehta,43
3441,Lata Dutta,28
3442,Neeta Solanki,55
3443,Lata Shah,44
3444,Radha Rao,56
3445,Manoj Shah,24
3446,Rajesh Yadav,18
3447,Nikhil Jain,27
3448,Isha Menon,38
3449,Pankaj Bhattacharya,32
3450,Mala Roy,47
3451,Monika Ahuja,47
3452,Neeta Solanki,25
3453,Anjali Varma,41
3454,Gita Roy,36
3455,Sumit Malhotra,20
3456,Vivek Mehta,32
3457,Bhavana Bhatnagar,53
3458,Devendra Rao,23
3459,Pankaj Sheth,59
3460,Tanuja Teja,35
3461,Sunita Verma,55
3462,Sunita Mehta,36
3463,Anjali Gupta,47
3464,Sumit Goyal,30
3465,Rohan Roy,56
3466,Yogesh Pathak,29
3467,Pankaj Sheth,51
3468,Kavita Teja,29
3469,Krishna Patel,41
3470,Sunita Mathur,21
3471,Lata Dutta,53
3472,Ramesh Mishra,31
3473,Krishna Rao,34
3474,Sunita Luthra,20
3475,Bhavana Mehta,55
3476,Lata Joshi,40
3477,Anjali Kulkarni,30
3478,Rajesh Kapoor,26
3479,Nikhil Patel,38
3480,Amit Ghosh,58
3481,Kiran Chaudhary,25
3482,Anand Joshi,34
3483,Nikhil Menon,33
3484,Tapan Mishra,33
3485,Vivek Shah,45
3486,Priyanka Sharma,33
3487,Shruti Mehta,31
3488,Sneha Mehta,55
3489,Rohan Kapoor,37
3490,Umesh Goyal,58
3491,Gita Rathod,51
3492,Deepika Patel,46
3493,Devendra Yadav,20
3494,Sunita Luthra,27
3495,Anita Kulkarni,37
3496,Sanjay Ghosh,19
3497,Neeta Arora,44
3498,Isha Gupta,49
3499,Rohan Dutta,27
3500,Umesh Reddy,57
3501,Isha Desai,34
3502,Priyanka Verma,50
3503,Monika Mehta,23
3504,Reena Das,56
3505,Krishna Patel,35
3506,Rohan Sheth,26
3507,Navin Kaur,25
3508,Arun Teja,42
3509,Sachin Kaur,48
3510,Rohan Patel,59
3511,Pooja Arora,21
3512,Lata Shah,37
3513,Nikhil Luthra,45
3514,Rajesh Siddiqui,57
3515,Rajesh Nambiar,18
3516,Anita Mehta,57
3517,Jyoti Jain,40
3518,Vijay Rao,30
3519,Ravi Siddiqui,33
3520,Vivek Sheth,43
3521,Manoj Luthra,48
3522,Vivek Prasad,18
3523,Bina Das,34
3524,Bina Roy,33
3525,Prashant Arora,54
3526,Gita Rao,27
3527,Anita Kumar,55
3528,Sneha Patel,48
3529,Reena Arora,27
3530,Reena Das,51
3531,Harish Pillai,23
3532,Namita Patel,45
3533,Radha Pathak,45
3534,Neeta Ghosh,30
3535,Sumit Sharma,58
3536,Vivek Kaur,29
3537,Rajesh Sheth,57
3538,Manoj Thakur,19
3539,Yogesh Rao,25
3540,Aditya Jain,59
3541,Yogesh Dutta,26
3542,Sneha Arora,25
3543,Rajesh Desai,20
3544,Kiran Srivastava,26
3545,Sanjay Sheth,30
3546,Ravi Bhattacharya,26
3547,Manoj Kaur,48
3548,Ravi Gupta,42
3549,Kavita Nair,25
3550,Anita Kumar,48
3551,Anjali Desai,48
3552,Namita Goyal,34
3553,Vivek Ghosh,36
3554,Meena Desai,20
3555,Lalita Sheth,47
3556,Ramesh Sharma,27
3557,Monika Bhatnagar,46
3558,Anjali Jain,57
3559,Bhavana Mehta,35
3560,Vijay Varma,29
3561,Pooja Rao,40
3562,Vivek Patel,28
3563,Aditya Nair,26
3564,Umesh Kulkarni,41
3565,Sunil Sheth,42
3566,Harish Solanki,42
3567,Namita Das,26
3568,Vijay Rawat,29
3569,Lalita Luthra,28
3570,Ayesha Patel,55
3571,Meena Chatterjee,45
3572,Deepika Kulkarni,25
3573,Arun Teja,27
3574,Sanjay Ghosh,42
3575,Devendra Varma,53
3576,Yogesh Ahuja,26
3577,Mala Ghosh,58
3578,Priya Bhattacharya,25
3579,Vivek Pathak,20
3580,Meena Verma,35
3581,Anita Mehta,52
3582,Priya Prasad,34
3583,Kiran Joshi,53
3584,Radha Kaur,45
3585,Namita Patel,32
3586,Anjali Pathak,36
3587,Ravi Bhattacharya,39
3588,Bhavana Bhatnagar,23
3589,Bina Jain,24
3590,Rohan Roy,26
3591,Mala Siddiqui,37
3592,Prashant Arora,54
3593,Ayesha Rathod,28
3594,Sunil Menon,19
3595,Kiran Malhotra,39
3596,Sachin Singh,53
3597,Anjali Chatterjee,22
3598,Yogesh Patel,24
3599,Ravi Kulkarni,23
3600,Pooja Arora,39
3601,Radha Sharma,27
3602,Bhavana Desai,57
3603,Anjali Nambiar,37
3604,Neeta Desai,45
3605,Anita Luthra,40
3606,Reena Mehta,52
3607,Lalita Bhatnagar,18
3608,Kavita Teja,46
3609,Lata Chaudhary,26
3610,Pooja Pathak,26
3611,Navin Kapoor,39
3612,Anita Kumar,19
3613,Reena Menon,33
3614,Tapan Luthra,57
3615,Devendra Menon,23
3616,Umesh Nair,30
3617,Anand Thakur,50
3618,Anand Siddiqui,36
3619,Prashant Mishra,32
3620,Amit Chatterjee,50
3621,Kunal Malhotra,27
3622,Bina Nair,18
3623,Priyanka Joshi,29
3624,Kunal Chaudhary,46
3625,Meena Rathod,34
3626,Arun Kumar,21
3627,Prashant Teja,46
3628,Rohan Shah,24
3629,Ayesha Patel,30
3630,Vijay Varma,22
3631,Anita Bhattacharya,23
3632,Lalita Alva,51
3633,Yogesh Menon,24
3634,Kunal Patel,45
3635,Aditya Nair,27
3636,Amit Ahuja,21
3637,Tanuja Gupta,20
3638,Rohan Goyal,42
3639,Anita Kulkarni,40
3640,Manoj Iyer,44
3641,Kavita Goyal,31
3642,Nikhil Chaudhary,55
3643,Sunil Kumar,49
3644,Umesh Srivastava,40
3645,Isha Nair,57
3646,Neeta Arora,54
3647,Lalita Shah,20
3648,Anand Thakur,52
3649,Vinod Pathak,30
3650,Ravi Siddiqui,51
3651,Lata Verma,41
3652,Anand Mehta,18
3653,Meena Sheth,29
3654,Devendra Yadav,25
3655,Vivek Srivastava,36
3656,Bhavana Kapoor,26
3657,Tapan Ahuja,45
3658,Lalita Shah,31
3659,Rohan Sheth,44
3660,Ravi Kaur,35
3661,Pooja Deshmukh,59
3662,Sneha Reddy,58
3663,Aditya Joshi,23
3664,Lata Shah,50
3665,Priya Varma,54
3666,Deepika Deshmukh,59
3667,Umesh Kaur,42
3668,Sachin Sheth,30
3669,Umesh Ghosh,40
3670,Sumit Rathod,53
3671,Vijay Varma,50
3672,Priyanka Roy,38
3673,Manoj Mehta,51
3674,Pooja Rao,53
3675,Tanuja Ahuja,34
3676,Bhavana Srivastava,27
3677,Gita Bhattacharya,40
3678,Umesh Patel,19
3679,Arun Shah,52
3680,Kunal Deshmukh,31
3681,Rohan Pathak,58
3682,Radha Bhatnagar,19
3683,Rajesh Desai,36
3684,Nikhil Bhattacharya,33
3685,Rohan Deshmukh,42
3686,Anand Thakur,18
3687,Sneha Teja,19
3688,Rajesh Mathur,44
3689,Amit Pillai,19
3690,Pankaj Varma,47
3691,Pankaj Pathak,27
3692,Anand Reddy,36
3693,Rohan Kapoor,59
3694,Tanuja Bhattacharya,33
3695,Aditya Deshmukh,30
3696,Shruti Menon,25
3697,Sumit Joshi,48
3698,Namita Desai,42
3699,Ravi Thakur,56
3700,Nikhil Menon,38
3701,Arun Gupta,55
3702,Lalita Alva,58
3703,Pankaj Deshmukh,46
3704,Kavita Desai,23
3705,Anjali Gupta,35
3706,Anita Bhattacharya,52
3707,Bhavana Luthra,44
3708,Meena Kulkarni,22
3709,Rohan Rao,24
3710,Jyoti Sheth,27
3711,Isha Kaur,27
3712,Pooja Sharma,45
3713,Meena Menon,53
3714,Tapan Chatterjee,27
3715,Mala Thakur,52
3716,Anjali Roy,52
3717,Pooja Rao,54
3718,Meena Yadav,37
3719,Ayesha Rathod,30
3720,Deepika Menon,28
3721,Deepika Pathak,36
3722,Vivek Mishra,45
3723,Rajesh Ahuja,55
3724,Harish Kumar,21
3725,Mala Teja,54
3726,Amit Ahuja,36
3727,Mala Thakur,54
3728,Ayesha Rathod,31
3729,Mala Arora,48
3730,Jyoti Varma,45
3731,Sunita Iyer,53
3732,Sachin Joshi,55
3733,Lalita Rathod,36
3734,Radha Ghosh,59
3735,Priyanka Pillai,18
3736,Harish Kaur,40
3737,Lata Shah,45
3738,Mala Roy,21
3739,Radha Ghosh,58
3740,Ramesh Nambiar,35
3741,Arun Desai,56
3742,Sachin Arora,42
3743,Sunil Varma,35
3744,Sachin Ghosh,23
3745,Vivek Sheth,36
3746,Anita Desai,29
3747,Gita Rathod,42
3748,Bhavana Arora,52
3749,Sneha Kaur,18
3750,Pankaj Teja,22
3751,Priya Siddiqui,18
3752,Tapan Nair,25
3753,Namita Teja,56
3754,Anjali Ahuja,35
3755,Sumit Sharma,26
3756,Yogesh Kaur,22
3757,Sanjay Bhattacharya,21
3758,Kunal Deshmukh,46
3759,Lalita Alva,18
3760,Neeta Malhotra,47
3761,Rajesh Mathur,18
3762,Manoj Rao,20
3763,Neeta Sharma,39
3764,Sachin Shah,25
3765,Deepika Iyer,35
3766,Vijay Das,42
3767,Isha Arora,37
3768,Manoj Sharma,48
3769,Ayesha Ghosh,47
3770,Tapan Joshi,33
3771,Navin Solanki,19
3772,Prashant Roy,34
3773,Sneha Teja,27
3774,Priyanka Verma,24
3775,Sunil Chaudhary,59
3776,Priya Patel,26
3777,Kavita Dutta,34
3778,Lalita Shah,26
3779,Rohan Sheth,26
3780,Sachin Desai,54
3781,Bina Mishra,41
3782,Ramesh Varma,56
3783,Monika Chatterjee,28
3784,Monika Goyal,25
3785,Deepika Desai,42
3786,Sumit Siddiqui,19
3787,Shruti Dutta,27
3788,Bhavana Rathod,41
3789,Sanjay Srivastava,33
3790,Vinod Prasad,36
3791,Lalita Alva,48
3792,Monika Kumar,28
3793,Anita Shah,23
3794,Sumit Malhotra,23
3795,Harish Kapoor,49
3796,Gita Bhattacharya,56
3797,Sumit Reddy,30
3798,Harish Malhotra,20
3799,Yogesh Ahuja,58
3800,Priyanka Goyal,52
3801,Anand Bhattacharya,55
3802,Monika Rathod,34
3803,Sachin Kaur,20
3804,Kiran Mishra,51
3805,Priya Sharma,29
3806,Lata Bhattacharya,41
3807,Jyoti Jain,23
3808,Anand Rao,59
3809,Sunita Roy,28
3810,Reena Arora,44
3811,Ramesh Solanki,41
3812,Ramesh Kumar,35
3813,Arun Kumar,44
3814,Kiran Singh,58
3815,Sumit Sheth,38
3816,Kiran Rathod,51
3817,Pankaj Alva,50
3818,Tanuja Teja,35
3819,Arun Shah,20
3820,Lalita Sheth,41
3821,Vivek Shah,18
3822,Lata Alva,23
3823,Rajesh Ghosh,36
3824,Namita Patel,39
3825,Tapan Singh,25
3826,Radha Kumar,22
3827,Navin Solanki,26
3828,Sumit Ghosh,38
3829,Rajesh Singh,45
3830,Meena Sheth,21
3831,Kavita Bhatnagar,41
3832,Vivek Sheth,25
3833,Anita Desai,34
3834,Ayesha Rathod,51
3835,Sanjay Malhotra,37
